================================================================================
Batch Author Enrichment V2 - Concurrent + Batch Optimized
================================================================================
Input:       D:\working\scientific bulletin\getfiles\all_papers_2026-09-27.jsonl
Output:      D:\working\scientific bulletin\getfiles\all_papers_2026-09-27_enriched.jsonl
Workers:     2

Loading papers...
Loaded 702 papers
[DB] Connected to SQLite database
============================================================
Step 1: Batch fetching PubMed affiliations
============================================================
Found 254 papers with PMIDs
    [PubMed Batch] Fetching 100 PMIDs (1-100/254)
    [PubMed Batch] Fetching 100 PMIDs (101-200/254)
    [PubMed Batch] Fetching 54 PMIDs (201-254/254)
    [PubMed Batch] Fetched affiliations for 245 articles

============================================================
Step 2: Preparing author queries
============================================================
Total unique authors to query: 2417 (cached: 31)

============================================================
Step 3: Concurrent OpenAlex fetching (max 2 workers)
============================================================
    [Rate Limit] OpenAlex delay: 0.20s per request
      [RETRY 1/3] Request error: 429 Client Error: Too Many Requests for url: https://api.openalex.org/authors?search=In%C3%A9s+Garc%C3%ADa-Redondo&per-page=5
      [RETRY 2/3] Request error: 429 Client Error: Too Many Requests for url: https://api.openalex.org/authors?search=In%C3%A9s+Garc%C3%ADa-Redondo&per-page=5
      [RETRY 1/3] Request error: 429 Client Error: Too Many Requests for url: https://api.openalex.org/authors?search=Shubhajit+Roy&per-page=5
[WARN] OpenAlex remains rate limited; using cached metrics and continuing affiliation enrichment.
    [1/2417] Inés García-Redondo: name_mismatch
    [2/2417] Nikita Malik: name_mismatch
    [3/2417] Dhananjay Bhaskar: name_mismatch
    [4/2417] Mohammad Salahshour: name_mismatch
    [5/2417] Iain D. Couzin: name_mismatch
    [6/2417] Mohammad Ali Moni: name_mismatch
    [7/2417] Md. Tanvir Rahman: name_mismatch
    [8/2417] Asaduzzaman Khan: name_mismatch
    [9/2417] Nabil Anan Orka: name_mismatch
    [10/2417] Paras Chopra: name_mismatch
    [11/2417] Eran Kopel: name_mismatch
    [12/2417] Arman Ferdowsi: name_mismatch
    [13/2417] Laura Kovacs: name_mismatch
    [14/2417] Xuejiao Shirley Guo: name_mismatch
    [15/2417] Ming-Hsiu Wu: name_mismatch
    [16/2417] Cui Tao: name_mismatch
    [17/2417] Xingjian Xu: name_mismatch
    [18/2417] Chunmei Wang: name_mismatch
    [19/2417] Jiahui Chen: name_mismatch
    [20/2417] Zongqi Xu: name_mismatch
    [21/2417] Jintai Chen: name_mismatch
    [22/2417] Qingyuan Zeng: name_mismatch
    [23/2417] Wei Lin: name_mismatch
    [24/2417] Qunxi Zhu: name_mismatch
    [25/2417] Yutong Zhang: name_mismatch
    [26/2417] Wanfeng Lu: name_mismatch
    [27/2417] Rugg, M. D.: name_mismatch
    [28/2417] de Chastelaine, M.: name_mismatch
    [29/2417] Anandan, A.: name_mismatch
    [30/2417] McIntyre, C.: name_mismatch
    [31/2417] Jacquir, S.: name_mismatch
    [32/2417] Garcia, D. W.: name_mismatch
    [33/2417] Peterson, S.: name_mismatch
    [34/2417] Feri, M.: name_mismatch
    [35/2417] Katzenellenbogen, J.: name_mismatch
    [36/2417] Tiwari-Woodruff, S. K.: name_mismatch
    [37/2417] Bouzier-Sore, A.-K.: name_mismatch
    [38/2417] Omar Ibrahim, I.: name_mismatch
    [39/2417] Roumes, H.: name_mismatch
    [40/2417] Laroche-Traineau, J.: name_mismatch
    [41/2417] Wilson, C.: name_mismatch
    [42/2417] Verma, B.: name_mismatch
    [43/2417] Goberdhan, D. C. I.: name_mismatch
    [44/2417] Cording, A.: name_mismatch
    [45/2417] Nortley, R.: name_mismatch
    [46/2417] Anderle, S.: name_mismatch
    [47/2417] Attwell, D.: name_mismatch
    [48/2417] Acton, S. E.: name_mismatch
    [49/2417] Piitulainen, H.: name_mismatch
    [50/2417] Mujunen, T.: name_mismatch
    [51/2417] Byman, A.: name_mismatch
    [52/2417] Li, F.: name_mismatch
    [53/2417] Alyenbaawi, H.: name_mismatch
    [54/2417] Allison, W. T.: name_mismatch
    [55/2417] Locskai, L. F.: name_mismatch
    [56/2417] Gill, T.: name_mismatch
    [57/2417] Yarnykh, V. L.: name_mismatch
    [58/2417] Corrigan, N. M.: name_mismatch
    [59/2417] Hippe, D. S.: name_mismatch
    [60/2417] Montenegro-Venegas, C.: name_mismatch
    [61/2417] Fejtova, A.: name_mismatch
    [62/2417] Loewel, S.: name_mismatch
    [63/2417] Schoene, C.: name_mismatch
    [64/2417] Shi, Z.: name_mismatch
      [RETRY 2/3] Request error: 429 Client Error: Too Many Requests for url: https://api.openalex.org/authors?search=Shubhajit+Roy&per-page=5    [65/2417] Qu, C.: name_mismatch

    [66/2417] Chen, S.: name_mismatch
    [67/2417] Cheng, S.: name_mismatch
    [68/2417] Ibarrola, D.: name_mismatch
    [69/2417] Loriette, C.: name_mismatch
    [70/2417] Dali, S.: name_mismatch
    [71/2417] Ben Hamed, S.: name_mismatch
    [72/2417] Meyer, B. T.: name_mismatch
    [73/2417] Radeloff, A.: name_mismatch
    [74/2417] Habersetzer, T.: name_mismatch
    [75/2417] Gordillo-Gonzalez, F.: name_mismatch
    [76/2417] Garcia-Garcia, F.: name_mismatch
    [77/2417] Romero-Ramos, M.: name_mismatch
    [78/2417] Soler-Saez, I.: name_mismatch
    [79/2417] Kang, S.: name_mismatch
    [80/2417] McDougle, S. D.: name_mismatch
    [81/2417] Trach, J. E.: name_mismatch
    [82/2417] Ferat, V.: name_mismatch
    [83/2417] Ros, T.: name_mismatch
    [84/2417] Vulliemoz, S.: name_mismatch
    [85/2417] Huang, Y.: name_mismatch
    [86/2417] Ricardo Erazo-Toscano: name_mismatch
    [87/2417] Mandeep Chauhan: name_mismatch
    [88/2417] Remus Osan: name_mismatch
    [89/2417] Jie Nissel: name_mismatch
    [90/2417] Nan Xu: name_mismatch
    [91/2417] Jianan Jian: name_mismatch
    [92/2417] Benjamin Li: name_mismatch
    [93/2417] Jacob Kang: name_mismatch
    [94/2417] Jun-nosuke Teramae: name_mismatch
    [95/2417] Kensuke Chiba: name_mismatch
    [96/2417] Kianté Fernandez: name_mismatch
    [97/2417] Paul Cisek: name_mismatch
    [98/2417] Vanessa Hadid: name_mismatch
    [99/2417] Karim Jerbi: name_mismatch
    [100/2417] Hamza Abdelhedi: name_mismatch
    [101/2417] Alexander Lange: name_mismatch
    [102/2417] Claudio Iuliano: name_mismatch
    [103/2417] Edilbert Christhuraj: name_mismatch
    [104/2417] Zhihui Chen: name_mismatch
    [105/2417] Mingchen Zhong: name_mismatch
    [106/2417] Wenhong Zhang: name_mismatch
    [107/2417] Andrew S. Yoo: name_mismatch
    [108/2417] Agnieszka Krzyzosiak: name_mismatch
    [109/2417] Victoria A. Church: name_mismatch
    [110/2417] Kevin Cissy Nabukeera: name_mismatch
    [111/2417] Gradi Luakanda-Ndelemo: name_mismatch
    [112/2417] Isaac Ssewanyana: name_mismatch
    [113/2417] Egle Helene Ervin: name_mismatch
    [114/2417] Ahmet Sureyya Rifaioglu: name_mismatch
    [115/2417] Julio Saez-Rodriguez: name_mismatch
    [116/2417] Elmlinger, S.: name_mismatch
    [117/2417] Rosenberg, E.: name_mismatch
    [118/2417] Kosie, J. E.: name_mismatch
    [119/2417] Lew-Williams, C.: name_mismatch
    [120/2417] Bauer, M. C.: name_mismatch
    [121/2417] Katsuki, F.: name_mismatch
    [122/2417] Basheer, R.: name_mismatch
    [123/2417] Uygun, D. S.: name_mismatch
    [124/2417] Ghosh, I.: name_mismatch
    [125/2417] Kamasawa, N.: name_mismatch
    [126/2417] Rangaraju, V.: name_mismatch
    [127/2417] Shah, M.: name_mismatch
    [128/2417] Goswami, U.: name_mismatch
    [129/2417] Keshavarzi, M.: name_mismatch
    [130/2417] Moore, B. C. J.: name_mismatch
    [131/2417] Fedorenko, E.: name_mismatch
    [132/2417] Tuckute, G.: name_mismatch
    [133/2417] D'Mello, A. M.: name_mismatch
    [134/2417] Wang, B.: name_mismatch
    [135/2417] Jones, K. E.: name_mismatch
    [136/2417] Ahmed, D.: name_mismatch
    [137/2417] Almokdad, M.: name_mismatch
    [138/2417] Zhao, D.: name_mismatch
    [139/2417] Hu, M.: name_mismatch
    [140/2417] Liu, S.: name_mismatch
    [141/2417] Kershaw, A.: name_mismatch
    [142/2417] Almansa-Garcia, A. C.: name_mismatch
    [143/2417] Arango-Gonzalez, B.: name_mismatch
    [144/2417] Ueffing, M.: name_mismatch
    [145/2417] Cao, B.: name_mismatch
    [146/2417] Purcell, R. H.: name_mismatch
    [147/2417] Arnulfo Candelario, E.: name_mismatch
    [148/2417] Kretzer, M. K.: name_mismatch
    [149/2417] van der Heijden, M. E.: name_mismatch
    [150/2417] Naoe, T.: name_mismatch
    [151/2417] Shikauchi, Y.: name_mismatch
    [152/2417] Homae, F.: name_mismatch
    [153/2417] Nakamura, M.: name_mismatch
    [154/2417] How, J. J.: name_mismatch
    [155/2417] Kleinfeld, D.: name_mismatch
    [156/2417] Danskin, B.: name_mismatch
    [157/2417] Shih, A.: name_mismatch
    [158/2417] Alex, P.: name_mismatch
    [159/2417] Klimovich-Gray, A.: name_mismatch
    [160/2417] Schwarz, J.: name_mismatch
    [161/2417] Konopka, A.: name_mismatch
    [162/2417] Yao, J.: name_mismatch
    [163/2417] Maynard, K. R.: name_mismatch
    [164/2417] Phillips, R. A.: name_mismatch
    [165/2417] Hicks, S. C.: name_mismatch
    [166/2417] Ali Alavi: name_mismatch
    [167/2417] Donald S. Williamson: name_mismatch
    [168/2417] K M Naimul Hassan: name_mismatch
    [169/2417] Anian Kerscher: name_mismatch
    [170/2417] Tetsuya J Kobayashi: name_mismatch
    [171/2417] Ignacio Madrid: name_mismatch
    [172/2417] Praful Gagrani: name_mismatch
    [173/2417] Isaac Ellmen: name_mismatch
    [174/2417] Matthew I. J. Raybould: name_mismatch
    [175/2417] Charlotte M. Deane: name_mismatch
    [176/2417] David Errington: name_mismatch
    [177/2417] Yihui Yan: name_mismatch
    [178/2417] Frederic Rosu: name_mismatch
    [179/2417] Valerie Gabelica: name_mismatch
    [180/2417] Jozef Lengyel: name_mismatch
    [181/2417] Paul C. Bressloff: name_mismatch
    [182/2417] Jude Swaby: name_mismatch
    [183/2417] Cesare Rollo: name_mismatch
    [184/2417] Corrado Pancotti: name_mismatch
    [185/2417] Piero Fariselli: name_mismatch
    [186/2417] Flavio Sartori: name_mismatch
    [187/2417] Bork P: name_mismatch
    [188/2417] Jensen RK: name_mismatch
    [189/2417] Mahamid J: name_mismatch
    [190/2417] Xue L: name_mismatch
    [191/2417] Jensen RK: name_mismatch
    [192/2417] Dobbs JM: name_mismatch
    [193/2417] Mahamid J: name_mismatch
    [194/2417] Monroe EJ: name_mismatch
    [195/2417] Frank LM: name_mismatch
    [196/2417] Daw ND: name_mismatch
    [197/2417] Comrie AE: name_mismatch
    [198/2417] Brechbill TR: name_mismatch
    [199/2417] Plotkin JL: name_mismatch
    [200/2417] Blackwell KT: name_mismatch
    [201/2417] Hobel ZB: name_mismatch
    [202/2417] Tu L: name_mismatch
    [203/2417] Liu Q: name_mismatch
    [204/2417] Liu H: name_mismatch
    [205/2417] Xu Y: name_mismatch
    [206/2417] Park S: name_mismatch
    [207/2417] Ramirez S: name_mismatch
    [208/2417] Caban-Murillo A: name_mismatch
    [209/2417] Surets M: name_mismatch
    [210/2417] Ibsen NPEA: name_mismatch
    [211/2417] Dalsgaard B: name_mismatch
    [212/2417] Bilde T: name_mismatch
    [213/2417] Garrett P: name_mismatch
    [214/2417] Gonzalez Salas Duhne G: name_mismatch
    [215/2417] Hall JR: name_mismatch
    [216/2417] Saal HP: name_mismatch
    [217/2417] Howarth C: name_mismatch
    [218/2417] Tu HY: name_mismatch
    [219/2417] Furukawa T: name_mismatch
    [220/2417] Hayashi A: name_mismatch
    [221/2417] Abe S: name_mismatch
    [222/2417] Li C: name_mismatch
    [223/2417] Yan Y: name_mismatch
    [224/2417] Zhou Z: name_mismatch
    [225/2417] Lynch M: name_mismatch
    [226/2417] Bass J: name_mismatch
    [227/2417] Waldeck NJ: name_mismatch
    [228/2417] Thorne AK: name_mismatch
    [229/2417] Perelis M: name_mismatch
    [230/2417] Liu N: name_mismatch
    [231/2417] Olson EN: name_mismatch
    [232/2417] Costa AC: name_mismatch
    [233/2417] Shah AM: name_mismatch
    [234/2417] Xu Y: name_mismatch
    [235/2417] Zhang T: name_mismatch
    [236/2417] Mao J: name_mismatch
    [237/2417] Zhang Q: name_mismatch
    [238/2417] Yang XT: name_mismatch
    [239/2417] Bhatia S: name_mismatch
    [240/2417] Milne GC: name_mismatch
    [241/2417] Attfield LA: name_mismatch
    [242/2417] Donnelly CA: name_mismatch
    [243/2417] Redding DW: name_mismatch
    [244/2417] Xu H: name_mismatch
    [245/2417] Zhang J: name_mismatch
    [246/2417] Liu Y: name_mismatch
    [247/2417] Wan Y: name_mismatch
    [248/2417] Chen K: name_mismatch
    [249/2417] Peng J: name_mismatch
    [250/2417] Cao T: name_mismatch
    [251/2417] Sokolov AV: name_mismatch
    [252/2417] O'Keefe BR: name_mismatch
    [253/2417] Boudreau MW: name_mismatch
    [254/2417] Kaelin WG Jr: name_mismatch
    [255/2417] Freire VF: name_mismatch
    [256/2417] Kumar A: name_mismatch
    [257/2417] Procaccia I: name_mismatch
    [258/2417] Karin Nielsen-Saines: name_mismatch
    [259/2417] Gielenny M. Salem: name_mismatch
    [260/2417] Huan Vinh Dong: name_mismatch
    [261/2417] Zongtang Xu: name_mismatch
    [262/2417] Ziting Zhu: name_mismatch
    [263/2417] Wenlong Zhang: name_mismatch
    [264/2417] Jie Yu: name_mismatch
    [265/2417] Hui Chen: name_mismatch
    [266/2417] Sirui Lai: name_mismatch
    [267/2417] Chan Moi Fat S: name_mismatch
    [268/2417] Williams KL: name_mismatch
    [269/2417] Henden L: name_mismatch
    [270/2417] SALSA-SGC consortium: name_mismatch
    [271/2417] Garcia S: name_mismatch
    [272/2417] Halcrow C: name_mismatch
    [273/2417] Yger P: name_mismatch
    [274/2417] Buccino AP: name_mismatch
    [275/2417] López-Moliner J: name_mismatch
    [276/2417] Zorpala KI: name_mismatch
    [277/2417] Murakawa T: name_mismatch
    [278/2417] Shibuya A: name_mismatch
    [279/2417] Fukui K: name_mismatch
    [280/2417] Yano T: name_mismatch
    [281/2417] Haughey PM: name_mismatch
    [282/2417] Haugh JM: name_mismatch
    [283/2417] Wenzel AR: name_mismatch
    [284/2417] Flores KB: name_mismatch
    [285/2417] Cowen LJ: name_mismatch
    [286/2417] Schult T: name_mismatch
    [287/2417] Lee K: name_mismatch
    [288/2417] Erden M: name_mismatch
    [289/2417] Dayan P: name_mismatch
    [290/2417] Kaufmann T: name_mismatch
    [291/2417] Wang W: name_mismatch
    [292/2417] Udden, J.: name_mismatch
    [293/2417] Forbes Schieche, C.: name_mismatch
    [294/2417] Cornwall, G. A.: name_mismatch
    [295/2417] Bailoo, J. D.: name_mismatch
    [296/2417] Gomez, A.: name_mismatch
    [297/2417] Logsdon, A. F.: name_mismatch
    [298/2417] Magiera, M. M.: name_mismatch
    [299/2417] Poggini, S.: name_mismatch
    [300/2417] Chakraborty, S.: name_mismatch
    [301/2417] Janke, C.: name_mismatch
    [302/2417] Ayon, A.: name_mismatch
    [303/2417] Bradley, J.: name_mismatch
    [304/2417] Jalil, A.: name_mismatch
    [305/2417] Villette, V.: name_mismatch
    [306/2417] DeWeese, T.: name_mismatch
    [307/2417] Harris, T.: name_mismatch
    [308/2417] Graves, A.: name_mismatch
    [309/2417] Cheng, A.: name_mismatch
    [310/2417] Singh, G.: name_mismatch
    [311/2417] Larschan, E.: name_mismatch
    [312/2417] Kentro, J. A.: name_mismatch
    [313/2417] O'Connor-Giles, K. M.: name_mismatch
    [314/2417] James, C. E.: name_mismatch
    [315/2417] Guedj, C.: name_mismatch
    [316/2417] Bollinger, L.: name_mismatch
    [317/2417] Kliegel, M.: name_mismatch
    [318/2417] De Schutter, J. D.: name_mismatch
    [319/2417] Moons, L.: name_mismatch
    [320/2417] Bergmans, S.: name_mismatch
    [321/2417] Serneels, P.-J.: name_mismatch
    [322/2417] Kumar, V.: name_mismatch
    [323/2417] Berger, M. L.: name_mismatch
    [324/2417] Lutz, C. M.: name_mismatch
    [325/2417] Simon, M.: name_mismatch
    [326/2417] Pylkkänen, L.: name_mismatch
    [327/2417] Krogh, S. M.: name_mismatch
    [328/2417] Waddell, S.: name_mismatch
    [329/2417] Miriyala, A.: name_mismatch
    [330/2417] Rogers, T. T.: name_mismatch
    [331/2417] Frisby, S. L.: name_mismatch
    [332/2417] Cox, C. R.: name_mismatch
    [333/2417] Lambon Ralph, M. A.: name_mismatch
    [334/2417] Gray, S. M.: name_mismatch
    [335/2417] Johnson, E. L.: name_mismatch
    [336/2417] Ack, S. E.: name_mismatch
    [337/2417] Braga, R. M.: name_mismatch
    [338/2417] Dadashkarimi, J.: name_mismatch
    [339/2417] Scheinost, D.: name_mismatch
    [340/2417] Rosenblatt, M.: name_mismatch
    [341/2417] McCusker, M. C.: name_mismatch
    [342/2417] Attenni, M.: name_mismatch
    [343/2417] Vinci, G. V.: name_mismatch
    [344/2417] Scattoni, M. L.: name_mismatch
    [345/2417] Subramanian, D.: name_mismatch
    [346/2417] Santhakumar, V.: name_mismatch
    [347/2417] Irfan, A.: name_mismatch
    [348/2417] Ratnadurai Giridharan, S.: name_mismatch
    [349/2417] Nimkar, M.: name_mismatch
    [350/2417] Gopal, R.: name_mismatch
    [351/2417] Sheinbach, E.: name_mismatch
    [352/2417] Adam, Y.: name_mismatch
    [353/2417] Binshtok, A. M.: name_mismatch
    [354/2417] Butterman, R.: name_mismatch
    [355/2417] Jiang, Y.: name_mismatch
    [356/2417] Liu, Y.: name_mismatch
    [357/2417] Zhao, X.: name_mismatch
    [358/2417] Visalli, A.: name_mismatch
    [359/2417] Ruz, M.: name_mismatch
    [360/2417] Ambrosini, E.: name_mismatch
    [361/2417] Viviani, G.: name_mismatch
    [362/2417] Wang, H.: name_mismatch
    [363/2417] Dai, Z.: name_mismatch
    [364/2417] Yang, Y.: name_mismatch
    [365/2417] Calhoun, V.: name_mismatch
    [366/2417] Holness, M.: name_mismatch
    [367/2417] Bohsali, A.: name_mismatch
    [368/2417] Krishnamurthy, L.: name_mismatch
    [369/2417] Khadidja, L. S.: name_mismatch
    [370/2417] Alsulqi, A. A.: name_mismatch
    [371/2417] Osman, B. A.: name_mismatch
    [372/2417] Al-Dhayani, K. M.: name_mismatch
    [373/2417] Maddox, R. K.: name_mismatch
    [374/2417] Stoll, T. J.: name_mismatch
    [375/2417] Jones, G. R.: name_mismatch
    [376/2417] Chen, F.: name_mismatch
    [377/2417] Qi, Y. A.: name_mismatch
    [378/2417] Ryan, V. H.: name_mismatch
    [379/2417] Jin, B.: name_mismatch
    [380/2417] Li, Z.: name_mismatch
    [381/2417] Fu, P.: name_mismatch
    [382/2417] Xi, W.: name_mismatch
    [383/2417] Liu, Y.: name_mismatch
    [384/2417] Roe, A. W.: name_mismatch
    [385/2417] McLain, N.: name_mismatch
    [386/2417] Kaplan, C.: name_mismatch
    [387/2417] Schrepf, A.: name_mismatch
    [388/2417] Harte, S.: name_mismatch
    [389/2417] Sen, A.: name_mismatch
    [390/2417] Bhattacharya, A.: name_mismatch
    [391/2417] Mascarenhas, M. X.: name_mismatch
    [392/2417] Bandyopadhyay, A.: name_mismatch
    [393/2417] Yu, J.: name_mismatch
    [394/2417] Billaud, C. H. A.: name_mismatch
    [395/2417] Liu, Y.: name_mismatch
    [396/2417] Coffey, E. B.: name_mismatch
    [397/2417] Zatorre, R.: name_mismatch
    [398/2417] Simonetto-Rizk, S.: name_mismatch
    [399/2417] Duan, W.: name_mismatch
    [400/2417] Xu, J.: name_mismatch
    [401/2417] Ding, Z.: name_mismatch
    [402/2417] Liu, H.: name_mismatch
    [403/2417] Reiter, A. M. F.: name_mismatch
    [404/2417] Wittmann, M. K.: name_mismatch
    [405/2417] Gregorova, K.: name_mismatch
    [406/2417] Lin, Y.: name_mismatch
    [407/2417] Goupell, M. J.: name_mismatch
    [408/2417] Costantino, M.: name_mismatch
    [409/2417] Huang, C. G.: name_mismatch
    [410/2417] Anderson, S.: name_mismatch
    [411/2417] Buecklein-Ehlers, E.: name_mismatch
    [412/2417] Comasco, E.: name_mismatch
    [413/2417] Kimmig, A.-C. S.: name_mismatch
    [414/2417] Ehlis, A.-C.: name_mismatch
    [415/2417] Woltheus, L. R.: name_mismatch
    [416/2417] Baudouin, L.: name_mismatch
    [417/2417] Maas, D.: name_mismatch
    [418/2417] Douw, L.: name_mismatch
    [419/2417] Gulseren, D.: name_mismatch
    [420/2417] Becot, A.: name_mismatch
    [421/2417] Specht, C. G.: name_mismatch
    [422/2417] Kabani, M.: name_mismatch
    [423/2417] Brovelli, A.: name_mismatch
    [424/2417] Jana, S.: name_mismatch
    [425/2417] Brochier, T.: name_mismatch
    [426/2417] Bardanikas, G.: name_mismatch
    [427/2417] Abbondanza, A.: name_mismatch
    [428/2417] Janickova, H.: name_mismatch
    [429/2417] Bernard, V.: name_mismatch
    [430/2417] Elias, J.: name_mismatch
    [431/2417] Lusk, N.: name_mismatch
    [432/2417] Seshamani, S.: name_mismatch
    [433/2417] Laiton, C.: name_mismatch
    [434/2417] Svoboda, K.: name_mismatch
    [435/2417] Shaik, T.: name_mismatch
    [436/2417] Waghmare, S. G.: name_mismatch
    [437/2417] E, L.: name_mismatch
    [438/2417] Krishna, M. M.: name_mismatch
    [439/2417] Ishaq, A. N.: name_mismatch
    [440/2417] Goddard, E.: name_mismatch
    [441/2417] Li, N.: name_mismatch
    [442/2417] Navarro, D.: name_mismatch
    [443/2417] Yang, Y.: name_mismatch
    [444/2417] Kim, M. J.: name_mismatch
    [445/2417] Filiano, A. J.: name_mismatch
    [446/2417] O'Neil, S. M.: name_mismatch
    [447/2417] Min, H.: name_mismatch
    [448/2417] Xu, L.: name_mismatch
    [449/2417] Klucken, T.: name_mismatch
    [450/2417] Finke, J. B.: name_mismatch
    [451/2417] Schippers, A. M.: name_mismatch
    [452/2417] Schaechinger, H.: name_mismatch
    [453/2417] Schuman, E. M.: name_mismatch
    [454/2417] van Oostrum, M.: name_mismatch
    [455/2417] Giandomenico, S. L.: name_mismatch
    [456/2417] Langer, J. D.: name_mismatch
    [457/2417] Kirchner, M. K.: name_mismatch
    [458/2417] Sterm, J. E.: name_mismatch
    [459/2417] Ahmed, I. A.: name_mismatch
    [460/2417] Krane, F. C.: name_mismatch
    [461/2417] Courchet, J.: name_mismatch
    [462/2417] Babina, E.: name_mismatch
    [463/2417] Ellouze, S.: name_mismatch
    [464/2417] Raineteau, O.: name_mismatch
    [465/2417] Saljoughi, S.: name_mismatch
    [466/2417] Lyons, K.: name_mismatch
    [467/2417] Stevenson, R.: name_mismatch
    [468/2417] Stojanoski, B.: name_mismatch
    [469/2417] R. Lahoz-Beltra: name_mismatch
    [470/2417] Jie Li: name_mismatch
    [471/2417] Zhizhuo Zhang: name_mismatch
    [472/2417] Dante A. Pertusi: name_mismatch
    [473/2417] Kathryn E. Kirchoff: name_mismatch
    [474/2417] Narayanan Raghupathy: name_mismatch
    [475/2417] Bowen Zhou: name_mismatch
    [476/2417] Yawen Ouyang: name_mismatch
    [477/2417] Hao Zhou: name_mismatch
    [478/2417] Xinbo Zhang: name_mismatch
    [479/2417] Mitchel J. Colebank: name_mismatch
    [480/2417] Aubrey Ayres: name_mismatch
    [481/2417] Maxim Polyakov: name_mismatch
    [482/2417] Yulia Chernikova: name_mismatch
    [483/2417] Zhenyu Ma: name_mismatch
    [484/2417] Xukai Jiang: name_mismatch
    [485/2417] Truskanov N: name_mismatch
    [486/2417] D'Ambrosio M: name_mismatch
    [487/2417] Gil J: name_mismatch
    [488/2417] Possemato R: name_mismatch
    [489/2417] Ferreira MS: name_mismatch
    [490/2417] Coelho D: name_mismatch
    [491/2417] Hepp F: name_mismatch
    [492/2417] Leslie M: name_mismatch
    [493/2417] Stokstad E: name_mismatch
    [494/2417] Kaiser J: name_mismatch
    [495/2417] Tasdogan A: name_mismatch
    [496/2417] Zhang Q: name_mismatch
    [497/2417] Goswami S: name_mismatch
    [498/2417] Yilmaz ÖH: name_mismatch
    [499/2417] Li Z: name_mismatch
    [500/2417] Wang C: name_mismatch
    [501/2417] Zhao CX: name_mismatch
    [502/2417] Li AM: name_mismatch
    [503/2417] Heller DA: name_mismatch
    [504/2417] Hinterleitner C: name_mismatch
    [505/2417] Barthet VJA: name_mismatch
    [506/2417] Lowe SW: name_mismatch
    [507/2417] Howarth T: name_mismatch
    [508/2417] Reardon S: name_mismatch
    [509/2417] Voosen P: name_mismatch
    [510/2417] Lee YJ: name_mismatch
    [511/2417] Abramson A: name_mismatch
    [512/2417] Yeo WH: name_mismatch
    [513/2417] Ghanim R: name_mismatch
    [514/2417] Gao P: name_mismatch
    [515/2417] Pritham EJ: name_mismatch
    [516/2417] Sun C: name_mismatch
    [517/2417] Feschotte C: name_mismatch
    [518/2417] Irannezhad M: name_mismatch
    [519/2417] Gashti MHN: name_mismatch
    [520/2417] Shahrood AJ: name_mismatch
    [521/2417] Park DI: name_mismatch
    [522/2417] Masterson JM: name_mismatch
    [523/2417] Levin MD: name_mismatch
    [524/2417] Tsymbal AV: name_mismatch
    [525/2417] Weidling MT: name_mismatch
    [526/2417] Bürkner PC: name_mismatch
    [527/2417] Revathe T: name_mismatch
    [528/2417] Schuppli C: name_mismatch
    [529/2417] Ogata S: name_mismatch
    [530/2417] Yoshizawa M: name_mismatch
    [531/2417] Barayeu U: name_mismatch
    [532/2417] Akaike T: name_mismatch
    [533/2417] Polli D: name_mismatch
    [534/2417] Presidente G: name_mismatch
    [535/2417] Brun AKAS: name_mismatch
    [536/2417] Fuest C: name_mismatch
    [537/2417] Schoop LM: name_mismatch
    [538/2417] Petralanda U: name_mismatch
    [539/2417] Jiang Y: name_mismatch
    [540/2417] Bernevig BA: name_mismatch
    [541/2417] Chen JH: name_mismatch
    [542/2417] Du X: name_mismatch
    [543/2417] Zhao S: name_mismatch
    [544/2417] Han J: name_mismatch
    [545/2417] You S: name_mismatch
    [546/2417] Luther JM: name_mismatch
    [547/2417] Xie C: name_mismatch
    [548/2417] Zhu K: name_mismatch
    [549/2417] Shivnaraine RV: name_mismatch
    [550/2417] Zhang H: name_mismatch
    [551/2417] Kobilka BK: name_mismatch
    [552/2417] Wu JC: name_mismatch
    [553/2417] Zheng N: name_mismatch
    [554/2417] Wu B: name_mismatch
    [555/2417] Cao F: name_mismatch
    [556/2417] Ma M: name_mismatch
    [557/2417] Andics A: name_mismatch
    [558/2417] Morvai B: name_mismatch
    [559/2417] Tóth KG: name_mismatch
    [560/2417] Szabó K: name_mismatch
    [561/2417] Yang Z: name_mismatch
    [562/2417] Xie K: name_mismatch
    [563/2417] Zhou L: name_mismatch
    [564/2417] Liu RE: name_mismatch
    [565/2417] Lin Q: name_mismatch
    [566/2417] Chu C: name_mismatch
    [567/2417] Vignieri S: name_mismatch
    [568/2417] Ross SH: name_mismatch
    [569/2417] Lavine MS: name_mismatch
    [570/2417] Isles H: name_mismatch
    [571/2417] Suleymanov Y: name_mismatch
    [572/2417] Yeston JS: name_mismatch
    [573/2417] Hessler A: name_mismatch
    [574/2417] Ray LB: name_mismatch
    [575/2417] Elcoro L: name_mismatch
    [576/2417] Regnault N: name_mismatch
    [577/2417] Petralanda U: name_mismatch
    [578/2417] Jiang Y: name_mismatch
    [579/2417] Lin J: name_mismatch
    [580/2417] Babendure J: name_mismatch
    [581/2417] Brown QK: name_mismatch
    [582/2417] Rodriguez S: name_mismatch
    [583/2417] Ren G: name_mismatch
    [584/2417] Mishra R: name_mismatch
    [585/2417] Xu X: name_mismatch
    [586/2417] Li X: name_mismatch
    [587/2417] Li RE: name_mismatch
    [588/2417] You SL: name_mismatch
    [589/2417] Wang WQ: name_mismatch
    [590/2417] He ZT: name_mismatch
    [591/2417] Mahamid J: name_mismatch
    [592/2417] Hayashi Y: name_mismatch
    [593/2417] Zhao X: name_mismatch
    [594/2417] Müller CW: name_mismatch
    [595/2417] Li Z: name_mismatch
    [596/2417] Ginhoux F: name_mismatch
    [597/2417] Shen B: name_mismatch
    [598/2417] Guo W: name_mismatch
    [599/2417] Haworth-Staines D: name_mismatch
    [600/2417] Blanchard JW: name_mismatch
    [601/2417] Schuldt BR: name_mismatch
    [602/2417] Pereira AC: name_mismatch
    [603/2417] Zhu M: name_mismatch
    [604/2417] Catta-Preta R: name_mismatch
    [605/2417] Tabin CJ: name_mismatch
    [606/2417] Lee C: name_mismatch
    [607/2417] Meola M: name_mismatch
    [608/2417] Schuenemann VJ: name_mismatch
    [609/2417] Somerville V: name_mismatch
    [610/2417] Shani N: name_mismatch
    [611/2417] Sasaki Y: name_mismatch
    [612/2417] Yamada T: name_mismatch
    [613/2417] Cochrane A: name_mismatch
    [614/2417] Watanabe T: name_mismatch
    [615/2417] Wang X: name_mismatch
    [616/2417] Marin-Marin L: name_mismatch
    [617/2417] Jefferies E: name_mismatch
    [618/2417] Margulies DS: name_mismatch
    [619/2417] Ciryam P: name_mismatch
    [620/2417] Kane MA: name_mismatch
    [621/2417] Benavides DR: name_mismatch
    [622/2417] Joo Y: name_mismatch
    [623/2417] Li L: name_mismatch
    [624/2417] Landy MS: name_mismatch
    [625/2417] Bloem IM: name_mismatch
    [626/2417] Winawer J: name_mismatch
    [627/2417] Chen H: name_mismatch
    [628/2417] Riega A: name_mismatch
    [629/2417] Paez-Beltran LE: name_mismatch
    [630/2417] Vue TY: name_mismatch
    [631/2417] Shu T: name_mismatch
    [632/2417] Huang C: name_mismatch
    [633/2417] Li Q: name_mismatch
    [634/2417] You H: name_mismatch
    [635/2417] Dillavou S: name_mismatch
    [636/2417] Liu AJ: name_mismatch
    [637/2417] Durian DJ: name_mismatch
    [638/2417] Rocks JW: name_mismatch
    [639/2417] Brassard G: name_mismatch
    [640/2417] Coiteux-Roy X: name_mismatch
    [641/2417] Ligez R: name_mismatch
    [642/2417] Ding W: name_mismatch
    [643/2417] Fan H: name_mismatch
    [644/2417] Yang Q: name_mismatch
    [645/2417] Zhang D: name_mismatch
    [646/2417] Smol JP: name_mismatch
    [647/2417] Tanentzap AJ: name_mismatch
    [648/2417] Kontou D: name_mismatch
    [649/2417] Ascough PL: name_mismatch
    [650/2417] Fan Z: name_mismatch
    [651/2417] Su W: name_mismatch
    [652/2417] Li J: name_mismatch
    [653/2417] Shi X: name_mismatch
    [654/2417] Urciuoli A: name_mismatch
    [655/2417] Moyà-Solà S: name_mismatch
    [656/2417] Alba DM: name_mismatch
    [657/2417] Bouchet F: name_mismatch
    [658/2417] Lin H: name_mismatch
    [659/2417] Li HJ: name_mismatch
    [660/2417] Meng JG: name_mismatch
    [661/2417] Yan CL: name_mismatch
    [662/2417] Azbazdar Y: name_mismatch
    [663/2417] De Robertis EM: name_mismatch
    [664/2417] Jaber QZ: name_mismatch
    [665/2417] Kleiner RE: name_mismatch
    [666/2417] Yu NJ: name_mismatch
    [667/2417] Hou YM: name_mismatch
    [668/2417] Jiang S: name_mismatch
    [669/2417] Lu KY: name_mismatch
    [670/2417] Li NN: name_mismatch
    [671/2417] Luan JB: name_mismatch
    [672/2417] Jianxing Zhang: name_mismatch
    [673/2417] Xiaohui Bai: name_mismatch
    [674/2417] Kun Zhang: name_mismatch
    [675/2417] Igor Smolenov: name_mismatch
    [676/2417] Filippo Pacciarini: name_mismatch
    [677/2417] Antoinette A. Pragalos: name_mismatch
    [678/2417] Min Wei: name_mismatch
    [679/2417] Quan Yuan: name_mismatch
    [680/2417] Qingfang Bu: name_mismatch
    [681/2417] Aram Aslanyan: name_mismatch
    [682/2417] Ross W. Paterson: name_mismatch
    [683/2417] Soumya Mukherjee: name_mismatch
    [684/2417] Wang R: name_mismatch
    [685/2417] Zhu G: name_mismatch
    [686/2417] Xu S: name_mismatch
    [687/2417] Buch KA: name_mismatch
    [688/2417] Iliff JJ: name_mismatch
    [689/2417] Bouffard MA: name_mismatch
    [690/2417] Ford JN: name_mismatch
    [691/2417] Malik DM: name_mismatch
    [692/2417] Sehgal A: name_mismatch
    [693/2417] Weljie A: name_mismatch
    [694/2417] Akhtar F: name_mismatch
    [695/2417] Sernagor E: name_mismatch
    [696/2417] Hilgen G: name_mismatch
    [697/2417] Bertram C: name_mismatch
    [698/2417] Savage MA: name_mismatch
    [699/2417] Satoskar A: name_mismatch
    [700/2417] Mubeen T: name_mismatch
    [701/2417] He H: name_mismatch
    [702/2417] Streelman JT: name_mismatch
    [703/2417] Gupta PK: name_mismatch
    [704/2417] Murphy TH: name_mismatch
    [705/2417] Matsui Y: name_mismatch
    [706/2417] Tagawa H: name_mismatch
    [707/2417] Sakumura Y: name_mismatch
    [708/2417] Kanemura Y: name_mismatch
    [709/2417] Kanematsu D: name_mismatch
    [710/2417] Rogers, T. T.: name_mismatch
    [711/2417] Frisby, S. L.: name_mismatch
    [712/2417] Cox, C. R.: name_mismatch
    [713/2417] Lambon Ralph, M. A.: name_mismatch
    [714/2417] Cavalli, V.: name_mismatch
    [715/2417] Klyachko, V. A.: name_mismatch
    [716/2417] Ansari, I.: name_mismatch
    [717/2417] Deng, P.-Y.: name_mismatch
    [718/2417] Coady, S.: name_mismatch
    [719/2417] Kamesh, A.: name_mismatch
    [720/2417] Milnerwood, A.: name_mismatch
    [721/2417] Madranges, J.: name_mismatch
    [722/2417] Heller, S.: name_mismatch
    [723/2417] Kubota, M.: name_mismatch
    [724/2417] Abitbol, J. M.: name_mismatch
    [725/2417] Cheng, A.: name_mismatch
    [726/2417] Vladimirov, N.: name_mismatch
    [727/2417] Stoeckli, E. T.: name_mismatch
    [728/2417] Yeliseyeva, H.: name_mismatch
    [729/2417] McDougle, S. D.: name_mismatch
    [730/2417] Chib, V. S.: name_mismatch
    [731/2417] Al-Fawakhiri, N.: name_mismatch
    [732/2417] Pylkkänen, L.: name_mismatch
    [733/2417] Krogh, S. M.: name_mismatch
    [734/2417] Durand-de Cuttoli, R.: name_mismatch
    [735/2417] Ables, J. L.: name_mismatch
    [736/2417] Brown, S. O.: name_mismatch
    [737/2417] Ibanez-Tallon, I.: name_mismatch
    [738/2417] Filippa, M.: name_mismatch
    [739/2417] Rambosson, I.: name_mismatch
    [740/2417] Benis, D.: name_mismatch
    [741/2417] Grandjean, D.: name_mismatch
    [742/2417] Pylkkänen, L.: name_mismatch
    [743/2417] Krogh, S. M.: name_mismatch
    [744/2417] Beery, A.: name_mismatch
    [745/2417] Landry, M. P.: name_mismatch
    [746/2417] Komatsu, N.: name_mismatch
    [747/2417] Black, A. M.: name_mismatch
    [748/2417] Mopuru, R.: name_mismatch
    [749/2417] Ballard, I.: name_mismatch
    [750/2417] Olson, I. R.: name_mismatch
    [751/2417] Elliott, B. L.: name_mismatch
    [752/2417] Fang, M.: name_mismatch
    [753/2417] Baldwin, K. T.: name_mismatch
    [754/2417] Holmes, K. H.: name_mismatch
    [755/2417] Liu, Y.: name_mismatch
    [756/2417] Sun, J.: name_mismatch
    [757/2417] Chen, L.: name_mismatch
    [758/2417] Wang, L.: name_mismatch
    [759/2417] Walsh, C. A.: name_mismatch
    [760/2417] Caglayan, E.: name_mismatch
    [761/2417] Sherwood, C. C.: name_mismatch
    [762/2417] Lamba, I.: name_mismatch
    [763/2417] Verkerke, M.: name_mismatch
    [764/2417] de Vries, H. E.: name_mismatch
    [765/2417] Donega, V.: name_mismatch
    [766/2417] Guaqueta, A. S.: name_mismatch
    [767/2417] Perez-Reyes, E.: name_mismatch
    [768/2417] Zhang, J.: name_mismatch
    [769/2417] Yang, Y.: name_mismatch
    [770/2417] Deming, B. A.: name_mismatch
    [771/2417] Pasqualetti, M.: name_mismatch
    [772/2417] Gozzi, A.: name_mismatch
    [773/2417] Montani, C.: name_mismatch
    [774/2417] de Guzman, E. A.: name_mismatch
    [775/2417] Nguyen, D.: name_mismatch
    [776/2417] Groman, S. M.: name_mismatch
    [777/2417] Loetscher, K. B.: name_mismatch
    [778/2417] Goldfarb, E. V.: name_mismatch
    [779/2417] Rao, H.-Y.: name_mismatch
    [780/2417] Miao, G.-D.: name_mismatch
    [781/2417] Phang, C.-R.: name_mismatch
    [782/2417] Du, J.-X.: name_mismatch
    [783/2417] Koehler, N.: name_mismatch
    [784/2417] Sodmann, A.: name_mismatch
    [785/2417] Blum, R.: name_mismatch
    [786/2417] Rittner, H. L.: name_mismatch
    [787/2417] Chen, Y.-A. A.: name_mismatch
    [788/2417] Jan, Y.-W.: name_mismatch
    [789/2417] Tsai, S.-J.: name_mismatch
    [790/2417] Wu, Y.-F.: name_mismatch
    [791/2417] Ramasubramanian, V.: name_mismatch
    [792/2417] Shingane, S. N.: name_mismatch
    [793/2417] Murthy, A.: name_mismatch
    [794/2417] White, P.: name_mismatch
    [795/2417] Hammond, J.: name_mismatch
    [796/2417] Granato, J. M.: name_mismatch
    [797/2417] Silver, N.: name_mismatch
    [798/2417] Grootswagers, T.: name_mismatch
    [799/2417] Shatek, S. M.: name_mismatch
    [800/2417] Robinson, A. K.: name_mismatch
    [801/2417] Lovett-Barron, M.: name_mismatch
    [802/2417] White, M. L.: name_mismatch
    [803/2417] Martin, K. A.: name_mismatch
    [804/2417] Padilla, G. M.: name_mismatch
    [805/2417] Mitchell, S. B.: name_mismatch
    [806/2417] Hultman, R.: name_mismatch
    [807/2417] Wang, Y.: name_mismatch
    [808/2417] Stevens, H. E.: name_mismatch
    [809/2417] Reichart, R.: name_mismatch
    [810/2417] Reis, B.: name_mismatch
    [811/2417] Shmidov, A.: name_mismatch
    [812/2417] Peled-Cohen, L.: name_mismatch
    [813/2417] Toga, A.: name_mismatch
    [814/2417] Zhao, L.: name_mismatch
    [815/2417] Huang, Y.: name_mismatch
    [816/2417] Cortes, C. J.: name_mismatch
    [817/2417] Granger, K.: name_mismatch
    [818/2417] Aceituno, K. S.: name_mismatch
    [819/2417] van der Kant, R.: name_mismatch
    [820/2417] Holick, T. J.: name_mismatch
    [821/2417] Sweeney, J. A.: name_mismatch
    [822/2417] Dixon-Salazar, T.: name_mismatch
    [823/2417] Leavens, K. J.: name_mismatch
    [824/2417] Toda, K.: name_mismatch
    [825/2417] Matsushima, S.: name_mismatch
    [826/2417] Nasukawa, D.: name_mismatch
    [827/2417] Hayashi, K.: name_mismatch
    [828/2417] Bidaye, S. S.: name_mismatch
    [829/2417] Waddell, S.: name_mismatch
    [830/2417] Senapati, B.: name_mismatch
    [831/2417] Park, A.: name_mismatch
    [832/2417] Flores, A.: name_mismatch
    [833/2417] Zamora-Ursulo, M. A.: name_mismatch
    [834/2417] Manjarrez, E.: name_mismatch
    [835/2417] Lozada, N.: name_mismatch
    [836/2417] Orban de Xivry, J.-J.: name_mismatch
    [837/2417] de Witte, A.: name_mismatch
    [838/2417] Matthijs, A.: name_mismatch
    [839/2417] Gooijers, J.: name_mismatch
    [840/2417] Chen, C.: name_mismatch
    [841/2417] Krieger-Redwood, K.: name_mismatch
    [842/2417] Smallwood, J.: name_mismatch
    [843/2417] Jefferies, E.: name_mismatch
    [844/2417] Kim, S.: name_mismatch
    [845/2417] Bernhardt, B.: name_mismatch
    [846/2417] Park, B.-y.: name_mismatch
    [847/2417] Park, Y.: name_mismatch
    [848/2417] Fu, X.: name_mismatch
    [849/2417] Lavie, N.: name_mismatch
    [850/2417] Barne, L. C.: name_mismatch
    [851/2417] Xu, J.: name_mismatch
    [852/2417] Savas, J.: name_mismatch
    [853/2417] Contractor, A.: name_mismatch
    [854/2417] Wang, Y.-Z.: name_mismatch
    [855/2417] Alquier, T.: name_mismatch
    [856/2417] Majeur, D.: name_mismatch
    [857/2417] Manceau, R.: name_mismatch
    [858/2417] Murphy-Royal, C.: name_mismatch
    [859/2417] Dorkenwald, S.: name_mismatch
    [860/2417] Poggio, T.: name_mismatch
    [861/2417] Lu, Y.: name_mismatch
    [862/2417] Ziyin, L.: name_mismatch
    [863/2417] Das Sarma, S.: name_mismatch
    [864/2417] Das Sarma, J.: name_mismatch
    [865/2417] Jana, R.: name_mismatch
    [866/2417] Samal, S. K.: name_mismatch
    [867/2417] Bostock, M.: name_mismatch
    [868/2417] Gonzalez, K. L.: name_mismatch
    [869/2417] Houart, C.: name_mismatch
    [870/2417] Hamid, F.: name_mismatch
    [871/2417] Kupers, R.: name_mismatch
    [872/2417] Ptito, M.: name_mismatch
    [873/2417] Bleau, M.: name_mismatch
    [874/2417] Dessain, Q.: name_mismatch
    [875/2417] Kaur, J.: name_mismatch
    [876/2417] Giannetto, M. J.: name_mismatch
    [877/2417] Weikop, P.: name_mismatch
    [878/2417] Nedergaard, M.: name_mismatch
    [879/2417] Smith Cortinez, N.: name_mismatch
    [880/2417] Pieper, T.: name_mismatch
    [881/2417] Straatman, L. V.: name_mismatch
    [882/2417] Fenton, G. E.: name_mismatch
    [883/2417] Cao, F.: name_mismatch
    [884/2417] Feng, Z.: name_mismatch
    [885/2417] Tabrizi, Z.: name_mismatch
    [886/2417] Bracko, O.: name_mismatch
    [887/2417] Galvin, J. E.: name_mismatch
    [888/2417] Bhatt, N. N.: name_mismatch
    [889/2417] Hay, E.: name_mismatch
    [890/2417] Guet-McCreight, A.: name_mismatch
    [891/2417] Siero, J. C. W.: name_mismatch
    [892/2417] Nigi, A.: name_mismatch
    [893/2417] Petridou, N.: name_mismatch
    [894/2417] Dave, A.: name_mismatch
    [895/2417] Ziaei, M.: name_mismatch
    [896/2417] Ye, S.: name_mismatch
    [897/2417] Jacobs, H.: name_mismatch
    [898/2417] Khokhar, J. Y.: name_mismatch
    [899/2417] Thorpe, H. H. A.: name_mismatch
    [900/2417] Tremblay, M.-E.: name_mismatch
    [901/2417] Murray, C. J.: name_mismatch
    [902/2417] Chapman, A. D.: name_mismatch
    [903/2417] Laumet, G.: name_mismatch
    [904/2417] Urbain, G. R.: name_mismatch
    [905/2417] Sim, J.: name_mismatch
    [906/2417] Januszewski, M.: name_mismatch
    [907/2417] Montano Crespo, R. E.: name_mismatch
    [908/2417] Moenig, N. R.: name_mismatch
    [909/2417] Friedrich, R. W.: name_mismatch
    [910/2417] Aswendt, M.: name_mismatch
    [911/2417] Mahani, F. S. N.: name_mismatch
    [912/2417] Fink, G. R.: name_mismatch
    [913/2417] Hoehn, M.: name_mismatch
    [914/2417] Ratan Murty, N. A.: name_mismatch
    [915/2417] Martinez-Addiego, F.: name_mismatch
    [916/2417] Dudipala, K. R.: name_mismatch
    [917/2417] Duchaine, B. C.: name_mismatch
    [918/2417] Castilla-Jimenez, J. F.: name_mismatch
    [919/2417] Alcauter, S.: name_mismatch
    [920/2417] Diaz-Patino, J. C.: name_mismatch
    [921/2417] the DIRECT Consortium,: name_mismatch
    [922/2417] Toba, M. N.: name_mismatch
    [923/2417] Zeineldin, R.: name_mismatch
    [924/2417] Takamura, Y.: name_mismatch
    [925/2417] Bartolomeo, P.: name_mismatch
    [926/2417] Auksztulewicz, R.: name_mismatch
    [927/2417] Gütlin, D.: name_mismatch
    [928/2417] Kittelmann, D.: name_mismatch
    [929/2417] Gulati, D.: name_mismatch
    [930/2417] Rudaeva, A.: name_mismatch
    [931/2417] Boas, D. A.: name_mismatch
    [932/2417] Goyal, D.: name_mismatch
    [933/2417] Nardon, M.: name_mismatch
    [934/2417] Alessandro, C.: name_mismatch
    [935/2417] Bertucco, M.: name_mismatch
    [936/2417] Singh, T.: name_mismatch
    [937/2417] Chen, H.: name_mismatch
    [938/2417] Xu, K.: name_mismatch
    [939/2417] Ogasawara, T.: name_mismatch
    [940/2417] Monosov, I. E.: name_mismatch
    [941/2417] Xu, J.: name_mismatch
    [942/2417] Erskine, E.: name_mismatch
    [943/2417] Sellgren-Majkowitz, C.: name_mismatch
    [944/2417] Nilsson, I.: name_mismatch
    [945/2417] Hartig, J.: name_mismatch
    [946/2417] Volkmann, J.: name_mismatch
    [947/2417] Wilhelm, M.: name_mismatch
    [948/2417] Blum, R.: name_mismatch
    [949/2417] Ghavampour, A.: name_mismatch
    [950/2417] Yokoi, A.: name_mismatch
    [951/2417] Diedrichsen, J.: name_mismatch
    [952/2417] Pruszynski, J. A.: name_mismatch
    [953/2417] Spitoni, C.: name_mismatch
    [954/2417] Kole, M. H. P.: name_mismatch
    [955/2417] Kamsma, T. M.: name_mismatch
    [956/2417] van Roij, R.: name_mismatch
    [957/2417] Wang, P.: name_mismatch
    [958/2417] Marambaud, P.: name_mismatch
    [959/2417] Sharma, A.: name_mismatch
    [960/2417] Aylar, D.: name_mismatch
    [961/2417] Wiener, M.: name_mismatch
    [962/2417] Oztel, T.: name_mismatch
    [963/2417] Fernandez Martin, A.: name_mismatch
    [964/2417] Engel, T.: name_mismatch
    [965/2417] Gil, B.: name_mismatch
    [966/2417] Henshall, D.: name_mismatch
    [967/2417] Fluegel-Koch, C.: name_mismatch
    [968/2417] McKenzie, A. T.: name_mismatch
    [969/2417] German, A.: name_mismatch
    [970/2417] Winkler, J.: name_mismatch
    [971/2417] Aguado, J.: name_mismatch
    [972/2417] Cruz-Martin, A.: name_mismatch
    [973/2417] Sanchez-Carbonell, M.: name_mismatch
    [974/2417] Poynter, C. L.: name_mismatch
    [975/2417] Li, Q.: name_mismatch
    [976/2417] Lee, T.-H.: name_mismatch
    [977/2417] Qu, Y.: name_mismatch
    [978/2417] Chen, Y.-Y.: name_mismatch
    [979/2417] Fang, C. X.: name_mismatch
    [980/2417] Kanwisher, N. G.: name_mismatch
    [981/2417] Khosla, M.: name_mismatch
    [982/2417] Poliak, M.: name_mismatch
    [983/2417] An, D.: name_mismatch
    [984/2417] Huang, S.: name_mismatch
    [985/2417] Xue, Y.-X.: name_mismatch
    [986/2417] Zhang, J.: name_mismatch
    [987/2417] Huang, Z.: name_mismatch
    [988/2417] Miall, R. C.: name_mismatch
    [989/2417] Sardar, S. D.: name_mismatch
    [990/2417] Punt, D.: name_mismatch
    [991/2417] Yeo, S.-H.: name_mismatch
    [992/2417] Tadic, V.: name_mismatch
    [993/2417] Walz, M.: name_mismatch
    [994/2417] Timic Stamenic, T.: name_mismatch
    [995/2417] Todorovic, S.: name_mismatch
    [996/2417] Crunelli, V.: name_mismatch
    [997/2417] Cavaccini, A.: name_mismatch
    [998/2417] Di Giovanni, G.: name_mismatch
    [999/2417] Venzi, M.: name_mismatch
    [1000/2417] Sheng, W.-A.: name_mismatch
    [1001/2417] Clavagnier, S.: name_mismatch
    [1002/2417] Vanduffel, W.: name_mismatch
    [1003/2417] Ben Hamed, S.: name_mismatch
    [1004/2417] Kaul, D.: name_mismatch
    [1005/2417] Learmonth, G.: name_mismatch
    [1006/2417] Ietswaart, M.: name_mismatch
    [1007/2417] Mustile, M.: name_mismatch
    [1008/2417] Dary, Z.: name_mismatch
    [1009/2417] Bartolomei, F.: name_mismatch
    [1010/2417] Lagarde, S.: name_mismatch
    [1011/2417] Lopez, C.: name_mismatch
    [1012/2417] Wang, H.: name_mismatch
    [1013/2417] Slivicki, R. A.: name_mismatch
    [1014/2417] Creed, M. C.: name_mismatch
    [1015/2417] Gereau, R. W.: name_mismatch
    [1016/2417] Bukreska, N.: name_mismatch
    [1017/2417] Bezdudnaya, T.: name_mismatch
    [1018/2417] Casciato, S. R.: name_mismatch
    [1019/2417] Pakulat, L. M.: name_mismatch
    [1020/2417] Jones, S.: name_mismatch
    [1021/2417] Colledge, W. H.: name_mismatch
    [1022/2417] Zhang, Y.: name_mismatch
    [1023/2417] Pathak, S.: name_mismatch
    [1024/2417] Chandra, S.: name_mismatch
    [1025/2417] Thirumalai, V.: name_mismatch
    [1026/2417] Verma, S.: name_mismatch
    [1027/2417] Marco Rothermel: name_mismatch
    [1028/2417] Tim Hahn: name_mismatch
    [1029/2417] Madleen Stenger: name_mismatch
    [1030/2417] Hamidreza Jamalabadi: name_mismatch
    [1031/2417] Tomoko Ito: name_mismatch
    [1032/2417] Amil Khanzada: name_mismatch
    [1033/2417] Nicholas Rasmussen: name_mismatch
    [1034/2417] Oleg Zaslavsky: name_mismatch
    [1035/2417] Pouria A. Mistani: name_mismatch
    [1036/2417] Yiqun Lin: name_mismatch
    [1037/2417] Yukun Zhou: name_mismatch
    [1038/2417] Ariel Yuhan Ong: name_mismatch
    [1039/2417] Siegfried K. Wagner: name_mismatch
    [1040/2417] Gari D. Clifford: name_mismatch
    [1041/2417] Thomas C. Neylan: name_mismatch
    [1042/2417] Samuel A. McLean: name_mismatch
    [1043/2417] Soheil Saghafi: name_mismatch
    [1044/2417] Avidane C. Caballero: name_mismatch
    [1045/2417] Hsieh Fushing: name_mismatch
    [1046/2417] Thomas B. Michelon: name_mismatch
    [1047/2417] Haochen Yang: name_mismatch
    [1048/2417] Heather A. Harrington: name_mismatch
    [1049/2417] Byung Ho Lee: name_mismatch
    [1050/2417] Yonghong He: name_mismatch
    [1051/2417] Shiting Ruan: name_mismatch
    [1052/2417] Xu Guan: name_mismatch
    [1053/2417] Xitong Ling: name_mismatch
    [1054/2417] Smita Krishnaswamy: name_mismatch
    [1055/2417] Christopher J. Tape: name_mismatch
    [1056/2417] Alistair Wilkinson: name_mismatch
    [1057/2417] Mengran Li: name_mismatch
    [1058/2417] Jinfeng Xu: name_mismatch
    [1059/2417] Zhenchao Tang: name_mismatch
    [1060/2417] Jeffrey M. Dick: name_mismatch
    [1061/2417] Hoffman MT: name_mismatch
    [1062/2417] Dougan SK: name_mismatch
    [1063/2417] Qiang L: name_mismatch
    [1064/2417] Dougan M: name_mismatch
    [1065/2417] Zeng H: name_mismatch
    [1066/2417] Falasconi A: name_mismatch
    [1067/2417] Arber S: name_mismatch
    [1068/2417] Kanodia H: name_mismatch
    [1069/2417] Senti KA: name_mismatch
    [1070/2417] Brennecke J: name_mismatch
    [1071/2417] Bernhard A: name_mismatch
    [1072/2417] Voichek M: name_mismatch
    [1073/2417] Yuan J: name_mismatch
    [1074/2417] Chang H: name_mismatch
    [1075/2417] Hansson BS: name_mismatch
    [1076/2417] Nie L: name_mismatch
    [1077/2417] Li J: name_mismatch
    [1078/2417] Pan X: name_mismatch
    [1079/2417] Baldwin IT: name_mismatch
    [1080/2417] Sun Z: name_mismatch
    [1081/2417] Song BM: name_mismatch
    [1082/2417] Stopfer M: name_mismatch
    [1083/2417] Kim BH: name_mismatch
    [1084/2417] Mawase F: name_mismatch
    [1085/2417] Kadosh A: name_mismatch
    [1086/2417] Wonderman Bar Sela O: name_mismatch
    [1087/2417] Soroker N: name_mismatch
    [1088/2417] de Weerd L: name_mismatch
    [1089/2417] Rovere M: name_mismatch
    [1090/2417] Dantzler HA: name_mismatch
    [1091/2417] de Barcellos Filho PG: name_mismatch
    [1092/2417] Kline DD: name_mismatch
    [1093/2417] Hasser EM: name_mismatch
    [1094/2417] Blair HT: name_mismatch
    [1095/2417] Wang S: name_mismatch
    [1096/2417] Grgurich R: name_mismatch
    [1097/2417] Henderson LA: name_mismatch
    [1098/2417] Crawford LS: name_mismatch
    [1099/2417] Doshen A: name_mismatch
    [1100/2417] Keay KA: name_mismatch
    [1101/2417] Zhou G: name_mismatch
    [1102/2417] Zelano C: name_mismatch
    [1103/2417] Voytek B: name_mismatch
    [1104/2417] Kosik-Rose E: name_mismatch
    [1105/2417] Chiou R: name_mismatch
    [1106/2417] Branzi FM: name_mismatch
    [1107/2417] Jefferies E: name_mismatch
    [1108/2417] Levichkina E: name_mismatch
    [1109/2417] Pigarev IN: name_mismatch
    [1110/2417] Vidyasagar TR: name_mismatch
    [1111/2417] Rasband MN: name_mismatch
    [1112/2417] Ding X: name_mismatch
    [1113/2417] Stassart RM: name_mismatch
    [1114/2417] Wu Y: name_mismatch
    [1115/2417] Oxenham AJ: name_mismatch
    [1116/2417] Ou Y: name_mismatch
    [1117/2417] Kay KN: name_mismatch
    [1118/2417] Sokoloff G: name_mismatch
    [1119/2417] Ahmad M: name_mismatch
    [1120/2417] Kerlin A: name_mismatch
    [1121/2417] Gable J: name_mismatch
    [1122/2417] Miller N: name_mismatch
    [1123/2417] Newman ZL: name_mismatch
    [1124/2417] Giese M: name_mismatch
    [1125/2417] Vogels R: name_mismatch
    [1126/2417] Nejad GG: name_mismatch
    [1127/2417] Bahrami A: name_mismatch
    [1128/2417] Ma QH: name_mismatch
    [1129/2417] Pei G: name_mismatch
    [1130/2417] Chen R: name_mismatch
    [1131/2417] Li X: name_mismatch
    [1132/2417] Tian 田凯茜 K: name_mismatch
    [1133/2417] Cao 曹盛浩 S: name_mismatch
    [1134/2417] Yu 余山 S: name_mismatch
    [1135/2417] Rojas OJ: name_mismatch
    [1136/2417] Srebnik S: name_mismatch
    [1137/2417] Zhou C: name_mismatch
    [1138/2417] Wan Z: name_mismatch
    [1139/2417] Bie Y: name_mismatch
    [1140/2417] Liao Q: name_mismatch
    [1141/2417] Xu J: name_mismatch
    [1142/2417] Wang Z: name_mismatch
    [1143/2417] Fradkin E: name_mismatch
    [1144/2417] Baym G: name_mismatch
    [1145/2417] Song H: name_mismatch
    [1146/2417] An S: name_mismatch
    [1147/2417] Guan P: name_mismatch
    [1148/2417] Tanaka H: name_mismatch
    [1149/2417] Jirachotkulthorn C: name_mismatch
    [1150/2417] Horel E: name_mismatch
    [1151/2417] Giesecke K: name_mismatch
    [1152/2417] Hartl FU: name_mismatch
    [1153/2417] Castanié-Cornet MP: name_mismatch
    [1154/2417] Genevaux P: name_mismatch
    [1155/2417] Niwa T: name_mismatch
    [1156/2417] Sun Y: name_mismatch
    [1157/2417] Liu H: name_mismatch
    [1158/2417] Di Z: name_mismatch
    [1159/2417] Gao ZX: name_mismatch
    [1160/2417] Wang K: name_mismatch
    [1161/2417] Xiong X: name_mismatch
    [1162/2417] Hu M: name_mismatch
    [1163/2417] García-Sastre A: name_mismatch
    [1164/2417] Marougka K: name_mismatch
    [1165/2417] de Haan CAM: name_mismatch
    [1166/2417] Leiva-Rebollo R: name_mismatch
    [1167/2417] Yu A: name_mismatch
    [1168/2417] Foglia L: name_mismatch
    [1169/2417] Abbott GW: name_mismatch
    [1170/2417] Manville RW: name_mismatch
    [1171/2417] Lee SH: name_mismatch
    [1172/2417] Cooke ADJ: name_mismatch
    [1173/2417] Tomaino G: name_mismatch
    [1174/2417] Hoover J: name_mismatch
    [1175/2417] Zhang Y: name_mismatch
    [1176/2417] Arai K: name_mismatch
    [1177/2417] Li R: name_mismatch
    [1178/2417] Cao X: name_mismatch
    [1179/2417] Jia M: name_mismatch
    [1180/2417] Hepler NK: name_mismatch
    [1181/2417] Cosgrove DJ: name_mismatch
    [1182/2417] Zhou K: name_mismatch
    [1183/2417] Pang X: name_mismatch
    [1184/2417] Li X: name_mismatch
    [1185/2417] Miljkovic N: name_mismatch
    [1186/2417] Zhang J: name_mismatch
    [1187/2417] Saif MTA: name_mismatch
    [1188/2417] Liu J: name_mismatch
    [1189/2417] Liu K: name_mismatch
    [1190/2417] Song T: name_mismatch
    [1191/2417] Zhou J: name_mismatch
    [1192/2417] Zhao H: name_mismatch
    [1193/2417] Gareau MG: name_mismatch
    [1194/2417] Orahood O: name_mismatch
    [1195/2417] Park J: name_mismatch
    [1196/2417] Reardon C: name_mismatch
    [1197/2417] Turner KL: name_mismatch
    [1198/2417] Zhang Q: name_mismatch
    [1199/2417] Garborg CS: name_mismatch
    [1200/2417] Drew PJ: name_mismatch
    [1201/2417] Mochizuki A: name_mismatch
    [1202/2417] Yamauchi Y: name_mismatch
    [1203/2417] Aoki K: name_mismatch
    [1204/2417] Sugiyama H: name_mismatch
    [1205/2417] Xiaofang Xing: name_mismatch
    [1206/2417] Shuofeng Hu: name_mismatch
    [1207/2417] Jiwang Bi: name_mismatch
    [1208/2417] Varun K. Phadke: name_mismatch
    [1209/2417] Soma Sannigrahi: name_mismatch
    [1210/2417] David S. Stephens: name_mismatch
    [1211/2417] Xiaoyun Wu: name_mismatch
    [1212/2417] Zhihua Gong: name_mismatch
    [1213/2417] Nan Sang: name_mismatch
    [1214/2417] Seokyoung Hwang: name_mismatch
    [1215/2417] Yun-Hee Lee: name_mismatch
    [1216/2417] Yeonho Son: name_mismatch
    [1217/2417] Zhiping Shao: name_mismatch
    [1218/2417] Pramod Bharadwaj Chandrashekar: name_mismatch
    [1219/2417] Sayali Anil Alatkar: name_mismatch
    [1220/2417] Filippi M: name_mismatch
    [1221/2417] Preziosa P: name_mismatch
    [1222/2417] Storelli L: name_mismatch
    [1223/2417] Rocca MA: name_mismatch
    [1224/2417] Lipscomb VA: name_mismatch
    [1225/2417] Alonso CR: name_mismatch
    [1226/2417] Roseby W: name_mismatch
    [1227/2417] Menzies JAC: name_mismatch
    [1228/2417] Baer-Imhoof BF: name_mismatch
    [1229/2417] Ray A: name_mismatch
    [1230/2417] Baer B: name_mismatch
    [1231/2417] Kowalewski J: name_mismatch
    [1232/2417] Wu L: name_mismatch
    [1233/2417] Griffith LC: name_mismatch
    [1234/2417] Liu C: name_mismatch
    [1235/2417] Yan L: name_mismatch
    [1236/2417] Fraunholz MJ: name_mismatch
    [1237/2417] Rühling M: name_mismatch
    [1238/2417] Arenz C: name_mismatch
    [1239/2417] Schmelz F: name_mismatch
    [1240/2417] Gogoi H: name_mismatch
    [1241/2417] Agarwal N: name_mismatch
    [1242/2417] Bhowmick SK: name_mismatch
    [1243/2417] Dey B: name_mismatch
    [1244/2417] Mank JE: name_mismatch
    [1245/2417] van der Bijl W: name_mismatch
    [1246/2417] Lin Y: name_mismatch
    [1247/2417] Baysan M: name_mismatch
    [1248/2417] Maden G: name_mismatch
    [1249/2417] Aydın N: name_mismatch
    [1250/2417] Romanczuk P: name_mismatch
    [1251/2417] Barfuss W: name_mismatch
    [1252/2417] Bergerot C: name_mismatch
    [1253/2417] Wu CY: name_mismatch
    [1254/2417] Warren JL: name_mismatch
    [1255/2417] Lan Y: name_mismatch
    [1256/2417] Cohen T: name_mismatch
    [1257/2417] Opuu V: name_mismatch
    [1258/2417] Bayzid MS: name_mismatch
    [1259/2417] Jahin Ibn Momin R: name_mismatch
    [1260/2417] Zaman TA: name_mismatch
    [1261/2417] Vanslambrouck M: name_mismatch
    [1262/2417] Vangheel J: name_mismatch
    [1263/2417] Jelier R: name_mismatch
    [1264/2417] Gönczy P: name_mismatch
    [1265/2417] Bhaumik J: name_mismatch
    [1266/2417] Masuda N: name_mismatch
    [1267/2417] Wang X: name_mismatch
    [1268/2417] Qi L: name_mismatch
    [1269/2417] Wang J: name_mismatch
    [1270/2417] Deng Q: name_mismatch
    [1271/2417] Piasini, E.: name_mismatch
    [1272/2417] Muhsinov, J. M.: name_mismatch
    [1273/2417] Fuccillo, M. V.: name_mismatch
    [1274/2417] Iliakis, E. A.: name_mismatch
    [1275/2417] Li, G.: name_mismatch
    [1276/2417] Luquet, S.: name_mismatch
    [1277/2417] Gangarossa, G.: name_mismatch
    [1278/2417] Castel, J.: name_mismatch
    [1279/2417] van den Hoorn, W.: name_mismatch
    [1280/2417] Naveilhan, C.: name_mismatch
    [1281/2417] Hug, F.: name_mismatch
    [1282/2417] Dernoncourt, F.: name_mismatch
    [1283/2417] Jiang, C.: name_mismatch
    [1284/2417] Hao, Y.: name_mismatch
    [1285/2417] Li, J.: name_mismatch
    [1286/2417] Dijkerman, H. C.: name_mismatch
    [1287/2417] Lustenhouwer, R.: name_mismatch
    [1288/2417] Roe, A. W.: name_mismatch
    [1289/2417] Xu, A. G.: name_mismatch
    [1290/2417] Du, X.: name_mismatch
    [1291/2417] Wang, J.: name_mismatch
    [1292/2417] Correa, D. M.: name_mismatch
    [1293/2417] Jan, T. A.: name_mismatch
    [1294/2417] David, A. P.: name_mismatch
    [1295/2417] Eckhard, A. H.: name_mismatch
    [1296/2417] Karaahmet, B.: name_mismatch
    [1297/2417] Taga, M.: name_mismatch
    [1298/2417] Lama, T.: name_mismatch
    [1299/2417] Zhang, Y.: name_mismatch
    [1300/2417] De Vrij, F. M.: name_mismatch
    [1301/2417] Sacchi, L.: name_mismatch
    [1302/2417] Sommariva, S.: name_mismatch
    [1303/2417] Campi, C.: name_mismatch
    [1304/2417] Farouk, R.: name_mismatch
    [1305/2417] Sander, J.: name_mismatch
    [1306/2417] Haueisen, J.: name_mismatch
    [1307/2417] Dölker, E.-M.: name_mismatch
    [1308/2417] Ameloot, A.: name_mismatch
    [1309/2417] Sirigu, A.: name_mismatch
    [1310/2417] Disarbois, E.: name_mismatch
    [1311/2417] Duhamel, J.-R.: name_mismatch
    [1312/2417] Zheng, R.: name_mismatch
    [1313/2417] Deery, H.: name_mismatch
    [1314/2417] Jamadar, S. D.: name_mismatch
    [1315/2417] Zhao, S.: name_mismatch
    [1316/2417] Flanagin, V.: name_mismatch
    [1317/2417] Herz, A. V. M.: name_mismatch
    [1318/2417] Stemmler, M. B.: name_mismatch
    [1319/2417] Mei, S.: name_mismatch
    [1320/2417] Shi, Y.: name_mismatch
    [1321/2417] Kovacs, G.: name_mismatch
    [1322/2417] Dinc, Y.: name_mismatch
    [1323/2417] Paeger, L.: name_mismatch
    [1324/2417] Zhang, Y.: name_mismatch
    [1325/2417] Herms, J.: name_mismatch
    [1326/2417] Feyen, P.: name_mismatch
    [1327/2417] Stephens, G.: name_mismatch
    [1328/2417] Francis, N.: name_mismatch
    [1329/2417] Litvak, V.: name_mismatch
    [1330/2417] Carmichael, D.: name_mismatch
    [1331/2417] Kandasamy, R.: name_mismatch
    [1332/2417] Virjee, R.-I.: name_mismatch
    [1333/2417] Wang, H.: name_mismatch
    [1334/2417] Huang, C.: name_mismatch
    [1335/2417] Li, Y.: name_mismatch
    [1336/2417] Yan, Y.: name_mismatch
    [1337/2417] Alais, D.: name_mismatch
    [1338/2417] Tonelli, A.: name_mismatch
    [1339/2417] Phan, C.: name_mismatch
    [1340/2417] Gubert, P.: name_mismatch
    [1341/2417] Pereira, G. J. d. S.: name_mismatch
    [1342/2417] Vitorino, M. L. d. L.: name_mismatch
    [1343/2417] Bezerra, I. C.: name_mismatch
    [1344/2417] Neymotin, S. A.: name_mismatch
    [1345/2417] Seymour, J. P.: name_mismatch
    [1346/2417] Willis, J. A.: name_mismatch
    [1347/2417] Diaz-Montiel, A. A.: name_mismatch
    [1348/2417] Chu, C. J.: name_mismatch
    [1349/2417] Kwon, H.: name_mismatch
    [1350/2417] Yi, S.: name_mismatch
    [1351/2417] Goodman, S. K.: name_mismatch
    [1352/2417] Valtierra, C.: name_mismatch
    [1353/2417] Hogeveen, J.: name_mismatch
    [1354/2417] Gazzaley, A.: name_mismatch
    [1355/2417] Pasquini, L.: name_mismatch
    [1356/2417] Bishnoi, I. R.: name_mismatch
    [1357/2417] Slamin, M. M.: name_mismatch
    [1358/2417] Bordt, E. A.: name_mismatch
    [1359/2417] Bankowski, I. M.: name_mismatch
    [1360/2417] Noble, S.: name_mismatch
    [1361/2417] Gonzalez, M. Z.: name_mismatch
    [1362/2417] Merritt, H.: name_mismatch
    [1363/2417] Teixeira, A. S.: name_mismatch
    [1364/2417] Pena, R. F.: name_mismatch
    [1365/2417] Okada, D.: name_mismatch
    [1366/2417] Inagaki, H. K.: name_mismatch
    [1367/2417] Jung, Y.: name_mismatch
    [1368/2417] Chafee, E.: name_mismatch
    [1369/2417] Woodward, T. J.: name_mismatch
    [1370/2417] Bradshaw, H. B.: name_mismatch
    [1371/2417] Mackie, K.: name_mismatch
    [1372/2417] Dadarlat, M. C.: name_mismatch
    [1373/2417] Senneka, S.: name_mismatch
    [1374/2417] Tang, S.: name_mismatch
    [1375/2417] Li, L.: name_mismatch
    [1376/2417] Lu, Z.: name_mismatch
    [1377/2417] Li, D.: name_mismatch
    [1378/2417] Wallace, M. T.: name_mismatch
    [1379/2417] Tiesman, A. J.: name_mismatch
    [1380/2417] Ramachandran, R.: name_mismatch
    [1381/2417] Stoyanova, K.: name_mismatch
    [1382/2417] Luo, J.: name_mismatch
    [1383/2417] Yu, Y.: name_mismatch
    [1384/2417] Liu, J.: name_mismatch
    [1385/2417] Lin, L.: name_mismatch
    [1386/2417] Zollei, L.: name_mismatch
    [1387/2417] Kinney, H. C.: name_mismatch
    [1388/2417] Young, S.: name_mismatch
    [1389/2417] Khandelwal, P.: name_mismatch
    [1390/2417] Hennig, J. A.: name_mismatch
    [1391/2417] Gershman, S. J.: name_mismatch
    [1392/2417] Romero Pinto, S. A.: name_mismatch
    [1393/2417] Uchida, N.: name_mismatch
    [1394/2417] Frazel, P. W.: name_mismatch
    [1395/2417] Baek, M.: name_mismatch
    [1396/2417] Lee, H.: name_mismatch
    [1397/2417] Dasen, J. S.: name_mismatch
    [1398/2417] Radulescu, A.: name_mismatch
    [1399/2417] Bennett, D.: name_mismatch
    [1400/2417] Li, J.: name_mismatch
    [1401/2417] Malaviya, M.: name_mismatch
    [1402/2417] Krubitzer, L. A.: name_mismatch
    [1403/2417] Pineda, C. R.: name_mismatch
    [1404/2417] Miller, M.: name_mismatch
    [1405/2417] Zirkelbach-Ngai, F.: name_mismatch
    [1406/2417] Frances H. Arnold: name_mismatch
    [1407/2417] Zi-Qi Li: name_mismatch
    [1408/2417] Deirdre Hanley: name_mismatch
    [1409/2417] David Gokhman: name_mismatch
    [1410/2417] Nadav Mishol: name_mismatch
    [1411/2417] Yizhi Yan: name_mismatch
    [1412/2417] Colin J. Carlson: name_mismatch
    [1413/2417] Sadie J. Ryan: name_mismatch
    [1414/2417] Rory Gibb: name_mismatch
    [1415/2417] Mathieu Dumberry: name_mismatch
    [1416/2417] Huifeng Zhang: name_mismatch
    [1417/2417] Roman Kosoy: name_mismatch
    [1418/2417] Zhenyi Wu: name_mismatch
    [1419/2417] Sanan Venkatesh: name_mismatch
    [1420/2417] M. D. Barrett: name_mismatch
    [1421/2417] K. J. Arnold: name_mismatch
    [1422/2417] M. D. K. Lee: name_mismatch
    [1423/2417] Jasmina Gačanin: name_mismatch
    [1424/2417] Francesca Mazzotta: name_mismatch
    [1425/2417] Anna Trendl: name_mismatch
    [1426/2417] Nicola Sharp-Jeffs: name_mismatch
    [1427/2417] David Leake: name_mismatch
    [1428/2417] Keisuke Yamamoto: name_mismatch
    [1429/2417] Kevan M. Shokat: name_mismatch
    [1430/2417] Jack W. Stevenson: name_mismatch
    [1431/2417] Kevin Lou: name_mismatch
    [1432/2417] Simonetta Gribaldo: name_mismatch
    [1433/2417] Robert Smith: name_mismatch
    [1434/2417] Nika Pende: name_mismatch
    [1435/2417] Emma C. Teeling: name_mismatch
    [1436/2417] Yan Liang: name_mismatch
    [1437/2417] Ariadna E. Morales: name_mismatch
    [1438/2417] Helen S. Bateup: name_mismatch
    [1439/2417] Thomas L. Li: name_mismatch
    [1440/2417] John D. Blair: name_mismatch
    [1441/2417] Hao Shi: name_mismatch
    [1442/2417] Anna Okounkova: name_mismatch
    [1443/2417] Matthew Yankowitz: name_mismatch
    [1444/2417] Abigail Sohm: name_mismatch
    [1445/2417] Tereza Clarence: name_mismatch
    [1446/2417] Zhenyi Wu: name_mismatch
    [1447/2417] Noah J. Planavsky: name_mismatch
    [1448/2417] Tim Jesper Suhrhoff: name_mismatch
    [1449/2417] Christopher T. Reinhard: name_mismatch
    [1450/2417] Tilo H. Yang: name_mismatch
    [1451/2417] Yann-Wen Lan: name_mismatch
    [1452/2417] I-Tong Chen: name_mismatch
    [1453/2417] Daniel Fisch: name_mismatch
    [1454/2417] Jonathan C. Kagan: name_mismatch
    [1455/2417] Vaani Ohri: name_mismatch
    [1456/2417] Zixin Cai: name_mismatch
    [1457/2417] Zongzhao Zhai: name_mismatch
    [1458/2417] Fumiaki Obata: name_mismatch
    [1459/2417] Rina Okada: name_mismatch
    [1460/2417] Hina Kosakamoto: name_mismatch
    [1461/2417] Luca Fusar Bassini: name_mismatch
    [1462/2417] Halima Hannah Schede: name_mismatch
    [1463/2417] Gioele La Manno: name_mismatch
    [1464/2417] Zhenyi Wu: name_mismatch
    [1465/2417] Donghoon Lee: name_mismatch
    [1466/2417] Mikaela Koutrouli: name_mismatch
    [1467/2417] David Billing: name_mismatch
    [1468/2417] Monica Selvaraj: name_mismatch
    [1469/2417] Agnel Sfeir: name_mismatch
    [1470/2417] Jemin Hwangbo: name_mismatch
    [1471/2417] Choongin Lee: name_mismatch
    [1472/2417] Donghoon Youm: name_mismatch
    [1473/2417] Matthew Lovett-Barron: name_mismatch
    [1474/2417] Jo-Hsien Yu: name_mismatch
    [1475/2417] Geoff T. Meyerhof: name_mismatch
    [1476/2417] Anupam Prasoon: name_mismatch
    [1477/2417] Nguyen Ngan Nguyen: name_mismatch
    [1478/2417] Korbinian Schneeberger: name_mismatch
    [1479/2417] Xiao Dong: name_mismatch
    [1480/2417] Wen-Biao Jiao: name_mismatch
    [1481/2417] Yuan Wang: name_mismatch
    [1482/2417] Tianrui Xue: name_mismatch
    [1483/2417] Daniel S. Kohane: name_mismatch
    [1484/2417] Agnese Adorante: name_mismatch
    [1485/2417] Aaron Spieler: name_mismatch
    [1486/2417] Dan Hu: name_mismatch
    [1487/2417] Weili Lin: name_mismatch
    [1488/2417] Jiale Cheng: name_mismatch
    [1489/2417] Gang Li: name_mismatch
    [1490/2417] Thiha Aung: name_mismatch
    [1491/2417] Matthew W. Cotton: name_mismatch
    [1492/2417] Georg Meisl: name_mismatch
    [1493/2417] David Klenerman: name_mismatch
    [1494/2417] Kinjalk Parth: name_mismatch
    [1495/2417] Sebastian Varela: name_mismatch
    [1496/2417] Andrew D. B. Leakey: name_mismatch
    [1497/2417] Cadena C: name_mismatch
    [1498/2417] Reja R: name_mismatch
    [1499/2417] Kayagaki N: name_mismatch
    [1500/2417] Dixit VM: name_mismatch
    [1501/2417] Oliverio AM: name_mismatch
    [1502/2417] Dyche Mullins R: name_mismatch
    [1503/2417] Rappaport HB: name_mismatch
    [1504/2417] Petek-Seoane NA: name_mismatch
    [1505/2417] Shen WL: name_mismatch
    [1506/2417] Wang M: name_mismatch
    [1507/2417] Chen Z: name_mismatch
    [1508/2417] Zhao Z: name_mismatch
    [1509/2417] Poschmann G: name_mismatch
    [1510/2417] Nowack ECM: name_mismatch
    [1511/2417] Lenz T: name_mismatch
    [1512/2417] Cadena LR: name_mismatch
    [1513/2417] Bicanski A: name_mismatch
    [1514/2417] Gonzales BJ: name_mismatch
    [1515/2417] Citri A: name_mismatch
    [1516/2417] Groysman M: name_mismatch
    [1517/2417] Shalom I: name_mismatch
    [1518/2417] Cai J: name_mismatch
    [1519/2417] Yu F: name_mismatch
    [1520/2417] Wu D: name_mismatch
    [1521/2417] Wang L: name_mismatch
    [1522/2417] Sayenko DG: name_mismatch
    [1523/2417] Nakazawa K: name_mismatch
    [1524/2417] Tanaka Y: name_mismatch
    [1525/2417] Sasaki A: name_mismatch
    [1526/2417] Murphy B: name_mismatch
    [1527/2417] Ambalavanar U: name_mismatch
    [1528/2417] Yielder PC: name_mismatch
    [1529/2417] Kalogerakis AN: name_mismatch
    [1530/2417] Zhang Y: name_mismatch
    [1531/2417] Sun Y: name_mismatch
    [1532/2417] Zhang X: name_mismatch
    [1533/2417] Lu J: name_mismatch
    [1534/2417] Figuerola CT: name_mismatch
    [1535/2417] Signoret C: name_mismatch
    [1536/2417] Andin J: name_mismatch
    [1537/2417] Holmer E: name_mismatch
    [1538/2417] Bendickson SL: name_mismatch
    [1539/2417] Schmitz NR: name_mismatch
    [1540/2417] Sutterer DW: name_mismatch
    [1541/2417] Kavusturan I: name_mismatch
    [1542/2417] Zhang Y: name_mismatch
    [1543/2417] Wang C: name_mismatch
    [1544/2417] Yuan H: name_mismatch
    [1545/2417] Xiao Y: name_mismatch
    [1546/2417] Green MR: name_mismatch
    [1547/2417] Yang H: name_mismatch
    [1548/2417] Zhang W: name_mismatch
    [1549/2417] Rodrigues Lima F: name_mismatch
    [1550/2417] Kurashina M: name_mismatch
    [1551/2417] Lu M: name_mismatch
    [1552/2417] Mizumoto K: name_mismatch
    [1553/2417] Lin JSH: name_mismatch
    [1554/2417] Eisenhauer N: name_mismatch
    [1555/2417] Yang X: name_mismatch
    [1556/2417] Xia S: name_mismatch
    [1557/2417] Wang W: name_mismatch
    [1558/2417] Hein AM: name_mismatch
    [1559/2417] Kong LW: name_mismatch
    [1560/2417] Leonard NE: name_mismatch
    [1561/2417] Yin K: name_mismatch
    [1562/2417] Xu Y: name_mismatch
    [1563/2417] Yang C: name_mismatch
    [1564/2417] Zhang S: name_mismatch
    [1565/2417] Ye Q: name_mismatch
    [1566/2417] Yang X: name_mismatch
    [1567/2417] Chen Q: name_mismatch
    [1568/2417] Gao S: name_mismatch
    [1569/2417] Zhang M: name_mismatch
    [1570/2417] Ward AB: name_mismatch
    [1571/2417] Mravic M: name_mismatch
    [1572/2417] Maillie CA: name_mismatch
    [1573/2417] Harvey H: name_mismatch
    [1574/2417] McArthur AG: name_mismatch
    [1575/2417] Burrows LL: name_mismatch
    [1576/2417] Qaderi I: name_mismatch
    [1577/2417] Pagen C: name_mismatch
    [1578/2417] Simon MC: name_mismatch
    [1579/2417] Jiang Y: name_mismatch
    [1580/2417] Hu CA: name_mismatch
    [1581/2417] Changeux JP: name_mismatch
    [1582/2417] Cautru A: name_mismatch
    [1583/2417] Dumas G: name_mismatch
    [1584/2417] Achilli F: name_mismatch
    [1585/2417] Lin B: name_mismatch
    [1586/2417] Su H: name_mismatch
    [1587/2417] Yang F: name_mismatch
    [1588/2417] Karin M: name_mismatch
    [1589/2417] Isakova A: name_mismatch
    [1590/2417] Adams AMJ: name_mismatch
    [1591/2417] Wu KLK: name_mismatch
    [1592/2417] Ren J: name_mismatch
    [1593/2417] Khan MAH: name_mismatch
    [1594/2417] Luo PL: name_mismatch
    [1595/2417] Chen IY: name_mismatch
    [1596/2417] Fittschen C: name_mismatch
    [1597/2417] Wu Z: name_mismatch
    [1598/2417] Karpitschka S: name_mismatch
    [1599/2417] Pandey A: name_mismatch
    [1600/2417] Linton G: name_mismatch
    [1601/2417] Porat A: name_mismatch
    [1602/2417] Rivière M: name_mismatch
    [1603/2417] Kempinski A: name_mismatch
    [1604/2417] Meroz Y: name_mismatch
    [1605/2417] van Aken PA: name_mismatch
    [1606/2417] Ham J: name_mismatch
    [1607/2417] Zhang X: name_mismatch
    [1608/2417] Anggara K: name_mismatch
    [1609/2417] Yoshihara M: name_mismatch
    [1610/2417] Fujii T: name_mismatch
    [1611/2417] Sakurai A: name_mismatch
    [1612/2417] Ulmert D: name_mismatch
    [1613/2417] Yang X: name_mismatch
    [1614/2417] Storey CM: name_mismatch
    [1615/2417] Cheng M: name_mismatch
    [1616/2417] Sebastián A. Riquelme: name_mismatch
    [1617/2417] Gaurav Kumar Lohia: name_mismatch
    [1618/2417] Ying-Tsun Chen: name_mismatch
    [1619/2417] Jing Nie: name_mismatch
    [1620/2417] Xueting Qin: name_mismatch
    [1621/2417] Meida Xiang: name_mismatch
    [1622/2417] Maria Garcia-Cremades: name_mismatch
    [1623/2417] Jonathon R. Campbell: name_mismatch
    [1624/2417] Radojka M. Savic: name_mismatch
    [1625/2417] Kate R. Bowman: name_mismatch
    [1626/2417] Paul Buscaglia: name_mismatch
    [1627/2417] Julien A. Sebag: name_mismatch
    [1628/2417] Chun Zhou: name_mismatch
    [1629/2417] Yuyuan Zheng: name_mismatch
    [1630/2417] Yu Tang: name_mismatch
    [1631/2417] Chenzhong Yin: name_mismatch
    [1632/2417] Zhenkun Wang: name_mismatch
    [1633/2417] Jaquelyn L. Jahn: name_mismatch
    [1634/2417] Bruce Western: name_mismatch
    [1635/2417] Claudia N. Anderson: name_mismatch
    [1636/2417] Steel A: name_mismatch
    [1637/2417] Angeli PA: name_mismatch
    [1638/2417] Robertson C: name_mismatch
    [1639/2417] White JS: name_mismatch
    [1640/2417] Hua J: name_mismatch
    [1641/2417] Page-McCaw A: name_mismatch
    [1642/2417] Hutson MS: name_mismatch
    [1643/2417] Lima JR: name_mismatch
    [1644/2417] Ungvijanpunya N: name_mismatch
    [1645/2417] Xu J: name_mismatch
    [1646/2417] Peng W: name_mismatch
    [1647/2417] Hansen B: name_mismatch
    [1648/2417] van Aalten DMF: name_mismatch
    [1649/2417] Authier F: name_mismatch
    [1650/2417] Jan A: name_mismatch
    [1651/2417] Xue H: name_mismatch
    [1652/2417] Li X: name_mismatch
    [1653/2417] Dąbrowska K: name_mismatch
    [1654/2417] Yang H: name_mismatch
    [1655/2417] Qi B: name_mismatch
    [1656/2417] Liu Y: name_mismatch
    [1657/2417] Li Q: name_mismatch
    [1658/2417] Xiao W: name_mismatch
    [1659/2417] Zhou S: name_mismatch
    [1660/2417] Wang H: name_mismatch
    [1661/2417] Kong Y: name_mismatch
    [1662/2417] Bass C: name_mismatch
    [1663/2417] Allf BC: name_mismatch
    [1664/2417] Mallavarapu A: name_mismatch
    [1665/2417] Vasudeva N: name_mismatch
    [1666/2417] Dunn RR: name_mismatch
    [1667/2417] Layton AT: name_mismatch
    [1668/2417] Stadt MM: name_mismatch
    [1669/2417] Ralph VA: name_mismatch
    [1670/2417] Li Q: name_mismatch
    [1671/2417] Song J: name_mismatch
    [1672/2417] Wu Z: name_mismatch
    [1673/2417] Wei XX: name_mismatch
    [1674/2417] Versluis DM: name_mismatch
    [1675/2417] Insall RH: name_mismatch
    [1676/2417] Siminea N: name_mismatch
    [1677/2417] Popescu VB: name_mismatch
    [1678/2417] Petre I: name_mismatch
    [1679/2417] Păun A: name_mismatch
    [1680/2417] Kubo, Y.: name_mismatch
    [1681/2417] 't Hart, B. M.: name_mismatch
    [1682/2417] Eliopulos, E.: name_mismatch
    [1683/2417] Henriques, D. Y. P.: name_mismatch
    [1684/2417] Masson, G. S.: name_mismatch
    [1685/2417] Szinte, M.: name_mismatch
    [1686/2417] Kling, S. M.: name_mismatch
    [1687/2417] Lascombes, U.: name_mismatch
    [1688/2417] Masson, G. S.: name_mismatch
    [1689/2417] Ibos, G.: name_mismatch
    [1690/2417] Schoeffel, C.: name_mismatch
    [1691/2417] Montagnini, A.: name_mismatch
    [1692/2417] Yadav, S.: name_mismatch
    [1693/2417] Sejd, J. R.: name_mismatch
    [1694/2417] Paul, S.: name_mismatch
    [1695/2417] Ong, S.-E.: name_mismatch
    [1696/2417] Roy, P. P.: name_mismatch
    [1697/2417] Saini, R.: name_mismatch
    [1698/2417] Sarma-Sarkar, P.: name_mismatch
    [1699/2417] Saha, K.: name_mismatch
    [1700/2417] Aulston, B.: name_mismatch
    [1701/2417] Roy, S.: name_mismatch
    [1702/2417] Gimse, K.: name_mismatch
    [1703/2417] Martin, J. G.: name_mismatch
    [1704/2417] Oguro-Ando, A.: name_mismatch
    [1705/2417] Russell, M. A.: name_mismatch
    [1706/2417] Martin, E.-R.: name_mismatch
    [1707/2417] Barnhill, O. K.: name_mismatch
    [1708/2417] Nelson, A. B.: name_mismatch
    [1709/2417] Romo, K. M.: name_mismatch
    [1710/2417] Karlsgodt, K. H.: name_mismatch
    [1711/2417] Malaspina, D.: name_mismatch
    [1712/2417] Gonen, O.: name_mismatch
    [1713/2417] Ruby, E.: name_mismatch
    [1714/2417] Chiou, R.: name_mismatch
    [1715/2417] Benn, R. A.: name_mismatch
    [1716/2417] Jefferies, E.: name_mismatch
    [1717/2417] Margulies, D. S.: name_mismatch
    [1718/2417] Karlsgodt, K. H.: name_mismatch
    [1719/2417] Malaspina, D.: name_mismatch
    [1720/2417] Gonen, O.: name_mismatch
    [1721/2417] Ruby, E.: name_mismatch
    [1722/2417] Cornelissen, P.: name_mismatch
    [1723/2417] Smallwood, J.: name_mismatch
    [1724/2417] Jefferies, E.: name_mismatch
    [1725/2417] Savill, N.: name_mismatch
    [1726/2417] Kleinschroth, F.: name_mismatch
    [1727/2417] Schoenauer, M.: name_mismatch
    [1728/2417] Villa, S.: name_mismatch
    [1729/2417] Kumral, D.: name_mismatch
    [1730/2417] Kronbichler, M.: name_mismatch
    [1731/2417] Nagel, P. M.: name_mismatch
    [1732/2417] Hefner, S.: name_mismatch
    [1733/2417] Kronbichler, L.: name_mismatch
    [1734/2417] D'Eleuterio, G.: name_mismatch
    [1735/2417] Lankarany, M.: name_mismatch
    [1736/2417] Huang, Y.: name_mismatch
    [1737/2417] Abdelfattah, N. H.: name_mismatch
    [1738/2417] Jung, S. Y.: name_mismatch
    [1739/2417] Yun, K.: name_mismatch
    [1740/2417] Kang, R.: name_mismatch
    [1741/2417] Kyzar, E. J.: name_mismatch
    [1742/2417] Ramirez, A.: name_mismatch
    [1743/2417] Setara, R.: name_mismatch
    [1744/2417] Salzman, C. D.: name_mismatch
    [1745/2417] Stuphorn, V.: name_mismatch
    [1746/2417] Leong, A. W.: name_mismatch
    [1747/2417] Springer, K. S.: name_mismatch
    [1748/2417] Driver, F. C.: name_mismatch
    [1749/2417] Jackson, A. C.: name_mismatch
    [1750/2417] Tzingounis, A. V.: name_mismatch
    [1751/2417] Reiley, H. B.: name_mismatch
    [1752/2417] Leonard, M. Z.: name_mismatch
    [1753/2417] Calipari, E. S.: name_mismatch
    [1754/2417] Chevee, M. F.: name_mismatch
    [1755/2417] Tan, L.: name_mismatch
    [1756/2417] Shah, N. M.: name_mismatch
    [1757/2417] Knoedler, J. R.: name_mismatch
    [1758/2417] Tanaka, S.: name_mismatch
    [1759/2417] Maze, I.: name_mismatch
    [1760/2417] Li, H.: name_mismatch
    [1761/2417] Weekley, B. H.: name_mismatch
    [1762/2417] O'Chan, J. C.: name_mismatch
    [1763/2417] Luna, V. M.: name_mismatch
    [1764/2417] Brew, W. E.: name_mismatch
    [1765/2417] Mohammed, H. E.: name_mismatch
    [1766/2417] Moore, A. R.: name_mismatch
    [1767/2417] Braun, D. I.: name_mismatch
    [1768/2417] Gegenfurtner, K. R.: name_mismatch
    [1769/2417] Martin, A.: name_mismatch
    [1770/2417] Rassouli, M.: name_mismatch
    [1771/2417] Salmela, V.: name_mismatch
    [1772/2417] Putkinen, V.: name_mismatch
    [1773/2417] Nummenmaa, L.: name_mismatch
    [1774/2417] Lin, J.-Y.: name_mismatch
    [1775/2417] Maigler, K. C.: name_mismatch
    [1776/2417] Katz, D. B.: name_mismatch
    [1777/2417] Craddock, A. E.: name_mismatch
    [1778/2417] Narayanan, R.: name_mismatch
    [1779/2417] Kumari, S.: name_mismatch
    [1780/2417] Rademaker, R. L.: name_mismatch
    [1781/2417] Serences, J.: name_mismatch
    [1782/2417] Hedden, K.: name_mismatch
    [1783/2417] Slaughter, A.: name_mismatch
    [1784/2417] Beck, A.: name_mismatch
    [1785/2417] McKenzie, A. T.: name_mismatch
    [1786/2417] Guo, A.: name_mismatch
    [1787/2417] Lessard, S.: name_mismatch
    [1788/2417] Dodge, J. C.: name_mismatch
    [1789/2417] Rodriguez, S.: name_mismatch
    [1790/2417] Goldstein, D.: name_mismatch
    [1791/2417] Montenegro, M. P.: name_mismatch
    [1792/2417] Lei, Y.: name_mismatch
    [1793/2417] Buchanan, J. J.: name_mismatch
    [1794/2417] Bao, S.: name_mismatch
    [1795/2417] Asadpour, A.: name_mismatch
    [1796/2417] Schmidt, H. H.: name_mismatch
    [1797/2417] Thakur, B. K.: name_mismatch
    [1798/2417] Asad Pour, O.: name_mismatch
    [1799/2417] Bottini, R.: name_mismatch
    [1800/2417] Sigismondi, F.: name_mismatch
    [1801/2417] Giari, G.: name_mismatch
    [1802/2417] McTeague, L. M.: name_mismatch
    [1803/2417] Sege, C. T.: name_mismatch
    [1804/2417] Gertler, J. H.: name_mismatch
    [1805/2417] Marsicano, C.: name_mismatch
    [1806/2417] Buettner, M.: name_mismatch
    [1807/2417] Znidaric, M.: name_mismatch
    [1808/2417] Hierlemann, A.: name_mismatch
    [1809/2417] Franke, F.: name_mismatch
    [1810/2417] Novikov, V.: name_mismatch
    [1811/2417] Eed, A.: name_mismatch
    [1812/2417] Prado, M. A. M.: name_mismatch
    [1813/2417] Menon, R. S.: name_mismatch
    [1814/2417] Luppi, A.: name_mismatch
    [1815/2417] Astle, D.: name_mismatch
    [1816/2417] Dendorfer, A.: name_mismatch
    [1817/2417] Fakhar, K.: name_mismatch
    [1818/2417] Mankili, A.: name_mismatch
    [1819/2417] Stevenson, I. H.: name_mismatch
    [1820/2417] Ecevitoglu, A.: name_mismatch
    [1821/2417] Salamone, J. D.: name_mismatch
    [1822/2417] Grabus, N. K.: name_mismatch
    [1823/2417] Khanna, R.: name_mismatch
    [1824/2417] Allen, H. N.: name_mismatch
    [1825/2417] Dalby, C.: name_mismatch
    [1826/2417] Smith, P.: name_mismatch
    [1827/2417] Richardson, H.: name_mismatch
    [1828/2417] Svanera, M.: name_mismatch
    [1829/2417] Coxon, J.: name_mismatch
    [1830/2417] Bellgrove, M.: name_mismatch
    [1831/2417] Rohira, V.: name_mismatch
    [1832/2417] Chong, T.: name_mismatch
    [1833/2417] Cai, X.: name_mismatch
    [1834/2417] Lu, L.: name_mismatch
    [1835/2417] Hu, S.-Y.: name_mismatch
    [1836/2417] Duan, Y.-L.: name_mismatch
    [1837/2417] Coleman, J. A.: name_mismatch
    [1838/2417] Brueckner, A. C.: name_mismatch
    [1839/2417] Martin, M. F.: name_mismatch
    [1840/2417] Miller, G. W.: name_mismatch
    [1841/2417] Desai, R. H.: name_mismatch
    [1842/2417] Feilong, M.: name_mismatch
    [1843/2417] Liu, J.: name_mismatch
    [1844/2417] Xiao, C.: name_mismatch
    [1845/2417] Qin, S.: name_mismatch
    [1846/2417] Zhang, Z.: name_mismatch
    [1847/2417] Zhou, X.: name_mismatch
    [1848/2417] Ding, R.: name_mismatch
    [1849/2417] Jiang Xu: name_mismatch
    [1850/2417] Zhouyi Zheng: name_mismatch
    [1851/2417] Yue Jiang: name_mismatch
    [1852/2417] Kjeld Kaj Klompmaker: name_mismatch
    [1853/2417] Menglin Chen: name_mismatch
    [1854/2417] Christoph Alexander Müller: name_mismatch
    [1855/2417] Benjamin Ambrosio: name_mismatch
    [1856/2417] M. A. Aziz-Alaoui: name_mismatch
    [1857/2417] Abdeltif Oujbara: name_mismatch
    [1858/2417] Adam Y. Shavit: name_mismatch
    [1859/2417] Carsten Wiuf: name_mismatch
    [1860/2417] Xiang Liu: name_mismatch
    [1861/2417] Alice Wachira: name_mismatch
    [1862/2417] Siddhartha G. Jena: name_mismatch
    [1863/2417] Corey S. O'Hern: name_mismatch
    [1864/2417] Zhuoyi Liu: name_mismatch
    [1865/2417] Alex Calabrese: name_mismatch
    [1866/2417] Kairi Furui: name_mismatch
    [1867/2417] Masahito Ohue: name_mismatch
    [1868/2417] Weiren Zhao: name_mismatch
    [1869/2417] Takeyuki Tamura: name_mismatch
    [1870/2417] Clément Javerzac: name_mismatch
    [1871/2417] Leena Anthony: name_mismatch
    [1872/2417] Matteo Dal Peraro: name_mismatch
    [1873/2417] Artemiy Burov: name_mismatch
    [1874/2417] Bohdan Pavlyshenko: name_mismatch
    [1875/2417] Demian Pavlyshenko: name_mismatch
    [1876/2417] Baode Gao: name_mismatch
    [1877/2417] Radhe Mohan: name_mismatch
    [1878/2417] Yan Chu: name_mismatch
    [1879/2417] Yiqing Chen: name_mismatch
    [1880/2417] William Edwards: name_mismatch
    [1881/2417] Diah Harnoni Apriyanti: name_mismatch
    [1882/2417] Katharina Nargar: name_mismatch
    [1883/2417] Reza Saputra: name_mismatch
    [1884/2417] Alexander Schönhuth: name_mismatch
    [1885/2417] Johannes Schlüter: name_mismatch
    [1886/2417] Piasini, E.: name_mismatch
    [1887/2417] Balasubramanian, V.: name_mismatch
    [1888/2417] Gold, J. I.: name_mismatch
    [1889/2417] Liu, S.: name_mismatch
    [1890/2417] Calvin, O. L.: name_mismatch
    [1891/2417] Damphousse, C. C.: name_mismatch
    [1892/2417] Redish, A. D.: name_mismatch
    [1893/2417] DeNardo, L. A.: name_mismatch
    [1894/2417] Goodpaster, C. M.: name_mismatch
    [1895/2417] Utter, J.: name_mismatch
    [1896/2417] Zeidler, Z.: name_mismatch
    [1897/2417] Vinnikov, I. A.: name_mismatch
    [1898/2417] Zhang, W.: name_mismatch
    [1899/2417] Xu, Y.: name_mismatch
    [1900/2417] Li, Z.: name_mismatch
    [1901/2417] Peitz, M.: name_mismatch
    [1902/2417] Wen, J.: name_mismatch
    [1903/2417] Li, J.: name_mismatch
    [1904/2417] Bruestle, O.: name_mismatch
    [1905/2417] Cudalbu, C.: name_mismatch
    [1906/2417] Phan, T. T.: name_mismatch
    [1907/2417] Lanz, B.: name_mismatch
    [1908/2417] Alves, B.: name_mismatch
    [1909/2417] Lokray, S.: name_mismatch
    [1910/2417] Yazdanbakhsh, A.: name_mismatch
    [1911/2417] Zikopoulos, B.: name_mismatch
    [1912/2417] Febrianto, R. M.: name_mismatch
    [1913/2417] Kress, M.: name_mismatch
    [1914/2417] Nagy, I.: name_mismatch
    [1915/2417] Aldossary, D.: name_mismatch
    [1916/2417] Barner, C.: name_mismatch
    [1917/2417] Mueller-Pinzler, L.: name_mismatch
    [1918/2417] Krach, S.: name_mismatch
    [1919/2417] Carbone, J.: name_mismatch
    [1920/2417] Brownstone, R. M.: name_mismatch
    [1921/2417] Ronzano, R.: name_mismatch
    [1922/2417] Chiasson, S.: name_mismatch
    [1923/2417] Ozyurt, M. G.: name_mismatch
    [1924/2417] Chen, Q.: name_mismatch
    [1925/2417] Han, B.: name_mismatch
    [1926/2417] Xu, M.: name_mismatch
    [1927/2417] Shen, L.: name_mismatch
    [1928/2417] Li J: name_mismatch
    [1929/2417] Araç D: name_mismatch
    [1930/2417] Özkan E: name_mismatch
    [1931/2417] Castillo JP: name_mismatch
    [1932/2417] Li J: name_mismatch
    [1933/2417] Özkan E: name_mismatch
    [1934/2417] Ji H: name_mismatch
    [1935/2417] Luo L: name_mismatch
    [1936/2417] Quevarec L: name_mismatch
    [1937/2417] Robaglia C: name_mismatch
    [1938/2417] Car C: name_mismatch
    [1939/2417] Brasseur G: name_mismatch
    [1940/2417] Devineni AV: name_mismatch
    [1941/2417] Werdelin L: name_mismatch
    [1942/2417] Long Y: name_mismatch
    [1943/2417] Le Gloanec C: name_mismatch
    [1944/2417] Colombi T: name_mismatch
    [1945/2417] Bhosale R: name_mismatch
    [1946/2417] Bennett MJ: name_mismatch
    [1947/2417] Shukla V: name_mismatch
    [1948/2417] Péret B: name_mismatch
    [1949/2417] Ramamurthi KS: name_mismatch
    [1950/2417] Mitra O: name_mismatch
    [1951/2417] Huq E: name_mismatch
    [1952/2417] Palmer AR: name_mismatch
    [1953/2417] Richardson LI: name_mismatch
    [1954/2417] Muth F: name_mismatch
    [1955/2417] Hofmann HA: name_mismatch
    [1956/2417] DeVore JE: name_mismatch
    [1957/2417] McDermott BM Jr: name_mismatch
    [1958/2417] Wang H: name_mismatch
    [1959/2417] Petriv AM: name_mismatch
    [1960/2417] Wolff C: name_mismatch
    [1961/2417] Kautz S: name_mismatch
    [1962/2417] Ballhorn DJ: name_mismatch
    [1963/2417] Mather J: name_mismatch
    [1964/2417] Menon V: name_mismatch
    [1965/2417] Park Y: name_mismatch
    [1966/2417] Mistry P: name_mismatch
    [1967/2417] Lasnick OHM: name_mismatch
    [1968/2417] Johnston DT: name_mismatch
    [1969/2417] Thiemens MH: name_mismatch
    [1970/2417] Alexander CMO: name_mismatch
    [1971/2417] Crocker DR: name_mismatch
    [1972/2417] Zilberman D: name_mismatch
    [1973/2417] Sabut A: name_mismatch
    [1974/2417] Mishra A: name_mismatch
    [1975/2417] He X: name_mismatch
    [1976/2417] Zhong R: name_mismatch
    [1977/2417] Liu S: name_mismatch
    [1978/2417] Sun Z: name_mismatch
    [1979/2417] Sprayberry JDH: name_mismatch
    [1980/2417] Ibrahim Z: name_mismatch
    [1981/2417] Kalodimos CG: name_mismatch
    [1982/2417] Crowder LB: name_mismatch
    [1983/2417] Barbraud C: name_mismatch
    [1984/2417] Garnier J: name_mismatch
    [1985/2417] Jenouvrier S: name_mismatch
    [1986/2417] Weimerskirch H: name_mismatch
    [1987/2417] Berger J: name_mismatch
    [1988/2417] Wulff DU: name_mismatch
    [1989/2417] Herzog SM: name_mismatch
    [1990/2417] Burton JW: name_mismatch
    [1991/2417] Khodadadi L: name_mismatch
    [1992/2417] Hiepe F: name_mismatch
    [1993/2417] Radbruch A: name_mismatch
    [1994/2417] Cheng Q: name_mismatch
    [1995/2417] Yang L: name_mismatch
    [1996/2417] Bianchini G: name_mismatch
    [1997/2417] Paps J: name_mismatch
    [1998/2417] Sánchez-Baracaldo P: name_mismatch
    [1999/2417] Striem-Amit E: name_mismatch
    [2000/2417] Liu Y: name_mismatch
    [2001/2417] Deng Z: name_mismatch
    [2002/2417] Martinez-Addiego F: name_mismatch
    [2003/2417] Liang Q: name_mismatch
    [2004/2417] Liu S: name_mismatch
    [2005/2417] Gao M: name_mismatch
    [2006/2417] Miller BR: name_mismatch
    [2007/2417] Strauss KA: name_mismatch
    [2008/2417] Brigatti KW: name_mismatch
    [2009/2417] Alessandri-Haber N: name_mismatch
    [2010/2417] Henderson L: name_mismatch
    [2011/2417] Humphries J: name_mismatch
    [2012/2417] Xiong L: name_mismatch
    [2013/2417] Cortes LR: name_mismatch
    [2014/2417] Colwell CS: name_mismatch
    [2015/2417] Correa SM: name_mismatch
    [2016/2417] Zhang P: name_mismatch
    [2017/2417] Yang X: name_mismatch
    [2018/2417] Jiang Y: name_mismatch
    [2019/2417] Guo C: name_mismatch
    [2020/2417] Hamilton AFC: name_mismatch
    [2021/2417] Konvalinka I: name_mismatch
    [2022/2417] Iván A: name_mismatch
    [2023/2417] Szilágyi A: name_mismatch
    [2024/2417] Szathmáry E: name_mismatch
    [2025/2417] Panossian B: name_mismatch
    [2026/2417] Kolp MR: name_mismatch
    [2027/2417] Parker BJ: name_mismatch
    [2028/2417] Henry LM: name_mismatch
    [2029/2417] Doyle JJ: name_mismatch
    [2030/2417] Bain W: name_mismatch
    [2031/2417] Tolman NJ: name_mismatch
    [2032/2417] Choi W: name_mismatch
    [2033/2417] Kitsios GD: name_mismatch
    [2034/2417] Prehoda KE: name_mismatch
    [2035/2417] LaFoya B: name_mismatch
    [2036/2417] Penkert RR: name_mismatch
    [2037/2417] Yang Y: name_mismatch
    [2038/2417] Eynde BVD: name_mismatch
    [2039/2417] Wang Y: name_mismatch
    [2040/2417] Shi Y: name_mismatch
    [2041/2417] Kates HR: name_mismatch
    [2042/2417] Finegan C: name_mismatch
    [2043/2417] Folk RA: name_mismatch
    [2044/2417] Soltis DE: name_mismatch
    [2045/2417] Vargas-Irwin CE: name_mismatch
    [2046/2417] Beckman ZC: name_mismatch
    [2047/2417] Gusman JT: name_mismatch
    [2048/2417] Hochberg LR: name_mismatch
    [2049/2417] Rob Knight: name_mismatch
    [2050/2417] Lora Khatib: name_mismatch
    [2051/2417] Renee Oles: name_mismatch
    [2052/2417] Shuqi Wang: name_mismatch
    [2053/2417] Hongyan Guo: name_mismatch
    [2054/2417] Stephan Herzig: name_mismatch
    [2055/2417] Manuel Gil-Lozano: name_mismatch
    [2056/2417] Estefanía Simoes: name_mismatch
    [2057/2417] Adury RZ: name_mismatch
    [2058/2417] Vaillancourt DE: name_mismatch
    [2059/2417] Wagle Shukla AA: name_mismatch
    [2060/2417] Arpin DJ: name_mismatch
    [2061/2417] Datema MR: name_mismatch
    [2062/2417] Schoenmakers DH: name_mismatch
    [2063/2417] Wolf NI: name_mismatch
    [2064/2417] Groeschel S: name_mismatch
    [2065/2417] Fló A: name_mismatch
    [2066/2417] Godel M: name_mismatch
    [2067/2417] Dehaene-Lambertz G: name_mismatch
    [2068/2417] Schaer M: name_mismatch
    [2069/2417] Bao Y: name_mismatch
    [2070/2417] Wang C: name_mismatch
    [2071/2417] Zuo Z: name_mismatch
    [2072/2417] Wang F: name_mismatch
    [2073/2417] Ikegaya Y: name_mismatch
    [2074/2417] Yamashiro K: name_mismatch
    [2075/2417] Matsumoto N: name_mismatch
    [2076/2417] Tanaka S: name_mismatch
    [2077/2417] Guo Y: name_mismatch
    [2078/2417] Sheng W: name_mismatch
    [2079/2417] Liu L: name_mismatch
    [2080/2417] Guo W: name_mismatch
    [2081/2417] Thompson JD: name_mismatch
    [2082/2417] Ando K: name_mismatch
    [2083/2417] Bangru S: name_mismatch
    [2084/2417] Poss KD: name_mismatch
    [2085/2417] Sabapathy K: name_mismatch
    [2086/2417] Yan XF: name_mismatch
    [2087/2417] Jiang Y: name_mismatch
    [2088/2417] Gao YG: name_mismatch
    [2089/2417] Young AR: name_mismatch
    [2090/2417] Datta A: name_mismatch
    [2091/2417] Bechler ME: name_mismatch
    [2092/2417] Galfano A: name_mismatch
    [2093/2417] Visser ME: name_mismatch
    [2094/2417] Postma E: name_mismatch
    [2095/2417] Bouwmeester H: name_mismatch
    [2096/2417] Evans SR: name_mismatch
    [2097/2417] Tokmakjian L: name_mismatch
    [2098/2417] Roy PJ: name_mismatch
    [2099/2417] Han D: name_mismatch
    [2100/2417] Koes DR: name_mismatch
    [2101/2417] Stockbridge RB: name_mismatch
    [2102/2417] Kang CY: name_mismatch
    [2103/2417] Heidari S: name_mismatch
    [2104/2417] Torabifard H: name_mismatch
    [2105/2417] Ochsenreiter T: name_mismatch
    [2106/2417] Santini E: name_mismatch
    [2107/2417] Hillen HS: name_mismatch
    [2108/2417] Berger BM: name_mismatch
    [2109/2417] Barth P: name_mismatch
    [2110/2417] Chatzi Souleiman A: name_mismatch
    [2111/2417] Pedraza-Joya MA: name_mismatch
    [2112/2417] Marfoglia M: name_mismatch
    [2113/2417] Lou A: name_mismatch
    [2114/2417] Poyatos JF: name_mismatch
    [2115/2417] Chagoyen M: name_mismatch
    [2116/2417] Zhang Y: name_mismatch
    [2117/2417] Han L: name_mismatch
    [2118/2417] Liu H: name_mismatch
    [2119/2417] Wei Y: name_mismatch
    [2120/2417] Piersanti R: name_mismatch
    [2121/2417] Regazzoni F: name_mismatch
    [2122/2417] Sacconi L: name_mismatch
    [2123/2417] Guastamacchia C: name_mismatch
    [2124/2417] Karosas DM: name_mismatch
    [2125/2417] Saggio M: name_mismatch
    [2126/2417] Stacey WC: name_mismatch
    [2127/2417] Paul C: name_mismatch
    [2128/2417] Mulleman D: name_mismatch
    [2129/2417] Sottile S: name_mismatch
    [2130/2417] Rashkov P: name_mismatch
    [2131/2417] Lorenzi C: name_mismatch
    [2132/2417] McWalter R: name_mismatch
    [2133/2417] Carugati F: name_mismatch
    [2134/2417] Friard O: name_mismatch
    [2135/2417] Gamba M: name_mismatch
    [2136/2417] Giacoma C: name_mismatch
    [2137/2417] Park, I. M.: name_mismatch
    [2138/2417] Pillow, J. W.: name_mismatch
    [2139/2417] Bushnell, H.: name_mismatch
    [2140/2417] Nair, S. S.: name_mismatch
    [2141/2417] Stuart, G. J.: name_mismatch
    [2142/2417] Perumal, M. B.: name_mismatch
    [2143/2417] Shuster, S. A.: name_mismatch
    [2144/2417] Xiao, J. Y.: name_mismatch
    [2145/2417] Greenberg, M. E.: name_mismatch
    [2146/2417] Ginty, D. D.: name_mismatch
    [2147/2417] Kogut, J. A.: name_mismatch
    [2148/2417] Sanders, S. S.: name_mismatch
    [2149/2417] Martin, D. D.: name_mismatch
    [2150/2417] Herath, N. N.: name_mismatch
    [2151/2417] Moissidis, M.: name_mismatch
    [2152/2417] Huang, Z. J.: name_mismatch
    [2153/2417] Raudales, R.: name_mismatch
    [2154/2417] Kelly, S.: name_mismatch
    [2155/2417] Bhoi, J. D.: name_mismatch
    [2156/2417] Schmidt, T. M.: name_mismatch
    [2157/2417] Wcislak, A. C.: name_mismatch
    [2158/2417] Sheth, M. R.: name_mismatch
    [2159/2417] Williams, L. Z.: name_mismatch
    [2160/2417] Weber, C. F.: name_mismatch
    [2161/2417] Robinson, E. C.: name_mismatch
    [2162/2417] Valk, S. L.: name_mismatch
    [2163/2417] Corrochano, S.: name_mismatch
    [2164/2417] Bascunana, P.: name_mismatch
    [2165/2417] Godoy-Corchuelo, J. M.: name_mismatch
    [2166/2417] Marcos-Macias, E.: name_mismatch
    [2167/2417] Keshavarzi, M.: name_mismatch
    [2168/2417] Goswami, U.: name_mismatch
    [2169/2417] Sousa, M. M.: name_mismatch
    [2170/2417] Röderer, P.: name_mismatch
    [2171/2417] Costa, A. C.: name_mismatch
    [2172/2417] Brüstle, O.: name_mismatch
    [2173/2417] Kim, S.: name_mismatch
    [2174/2417] Choi, H.: name_mismatch
    [2175/2417] Chung, A.: name_mismatch
    [2176/2417] Jeong, Y.: name_mismatch
    [2177/2417] Ding, N.: name_mismatch
    [2178/2417] Chen, H.: name_mismatch
    [2179/2417] Fiene, M.: name_mismatch
    [2180/2417] Huertas-Penen, S.: name_mismatch
    [2181/2417] Schwab, B. C.: name_mismatch
    [2182/2417] van Wezel, R. J. A.: name_mismatch
    [2183/2417] Lei, H.: name_mismatch
    [2184/2417] Lei, H. H.: name_mismatch
    [2185/2417] Smith, B. H.: name_mismatch
    [2186/2417] Kulkarni, N.: name_mismatch
    [2187/2417] Koenig, J.: name_mismatch
    [2188/2417] Schmausser, M.: name_mismatch
    [2189/2417] Kaess, M.: name_mismatch
    [2190/2417] Schwinde, H.: name_mismatch
    [2191/2417] Ringstad, G.: name_mismatch
    [2192/2417] Solheim, A. R.: name_mismatch
    [2193/2417] Mardal, K.-A.: name_mismatch
    [2194/2417] Ataman, E. A.: name_mismatch
    [2195/2417] Pikus, M.: name_mismatch
    [2196/2417] Beenhakker, M.: name_mismatch
    [2197/2417] Kilianski, S.: name_mismatch
    [2198/2417] Dulko, E.: name_mismatch
    [2199/2417] Li, P. P.: name_mismatch
    [2200/2417] Ross, C. A.: name_mismatch
    [2201/2417] Luo, A. X.: name_mismatch
    [2202/2417] Deng, L.: name_mismatch
    [2203/2417] Meliza, C. D.: name_mismatch
    [2204/2417] Cang, J.: name_mismatch
    [2205/2417] Elsayed, A.: name_mismatch
    [2206/2417] Raij, T.: name_mismatch
    [2207/2417] Kenet, T.: name_mismatch
    [2208/2417] Osorio, S.: name_mismatch
    [2209/2417] Tan, J.: name_mismatch
    [2210/2417] A. Seger, C.: name_mismatch
    [2211/2417] Luo, C.: name_mismatch
    [2212/2417] Chen, Q.: name_mismatch
    [2213/2417] Wang, K.: name_mismatch
    [2214/2417] Casarotto, S.: name_mismatch
    [2215/2417] Hassan, G.: name_mismatch
    [2216/2417] Rosanova, M.: name_mismatch
    [2217/2417] De Cuntis, I.: name_mismatch
    [2218/2417] Brookes, M. J.: name_mismatch
    [2219/2417] Beer, A. Y.: name_mismatch
    [2220/2417] Gohil, C.: name_mismatch
    [2221/2417] Woolrich, M.: name_mismatch
    [2222/2417] Vatansever, D.: name_mismatch
    [2223/2417] Quent, J. A.: name_mismatch
    [2224/2417] Zhang, M.: name_mismatch
    [2225/2417] Moriguchi, Y.: name_mismatch
    [2226/2417] Saji, N.: name_mismatch
    [2227/2417] Wang, J.: name_mismatch
    [2228/2417] Watanabe, R.: name_mismatch
    [2229/2417] Herrmann, C.: name_mismatch
    [2230/2417] Stalter, J.: name_mismatch
    [2231/2417] Witt, K.: name_mismatch
    [2232/2417] Stecher, H. I.: name_mismatch
    [2233/2417] Senant, Q.: name_mismatch
    [2234/2417] Mermillod, M.: name_mismatch
    [2235/2417] Guichet, C.: name_mismatch
    [2236/2417] Baciu, M.: name_mismatch
    [2237/2417] Zeighami, Y.: name_mismatch
    [2238/2417] Dadar, M.: name_mismatch
    [2239/2417] Taghizadehsalehabad, N.: name_mismatch
    [2240/2417] Sanches, L.: name_mismatch
    [2241/2417] Vogels, T. P.: name_mismatch
    [2242/2417] Bulygin, I.: name_mismatch
    [2243/2417] Condruz, N.: name_mismatch
    [2244/2417] Chintaluri, C.: name_mismatch
    [2245/2417] Cumming, R. C.: name_mismatch
    [2246/2417] Jurcic, K.: name_mismatch
    [2247/2417] Whitehead, S. N.: name_mismatch
    [2248/2417] Grahovac-Nemeth, S.: name_mismatch
    [2249/2417] Tang, S.: name_mismatch
    [2250/2417] Wang, X.: name_mismatch
    [2251/2417] Yu, C.: name_mismatch
    [2252/2417] Ratan Murty, N. A.: name_mismatch
    [2253/2417] Deb, M.: name_mismatch
    [2254/2417] Wang, R.: name_mismatch
    [2255/2417] Kanwisher, N.: name_mismatch
    [2256/2417] White, B.: name_mismatch
    [2257/2417] Hao, Y.: name_mismatch
    [2258/2417] Shinohara, R.: name_mismatch
    [2259/2417] Vandekar, S.: name_mismatch
    [2260/2417] Wright, C. J.: name_mismatch
    [2261/2417] Pocivavsek, A.: name_mismatch
    [2262/2417] Frizzell, N.: name_mismatch
    [2263/2417] Piroli, M. V.: name_mismatch
    [2264/2417] Si, B.-L.: name_mismatch
    [2265/2417] Deng, C.: name_mismatch
    [2266/2417] Lu, L.: name_mismatch
    [2267/2417] Ge, X.-F.: name_mismatch
    [2268/2417] Jimenez-Ornelas, C.: name_mismatch
    [2269/2417] Sockanathan, S.: name_mismatch
    [2270/2417] Zhang, X.: name_mismatch
    [2271/2417] Koentges, G.: name_mismatch
    [2272/2417] Zhang, J.: name_mismatch
    [2273/2417] Dale, N.: name_mismatch
    [2274/2417] Panzeri, S.: name_mismatch
    [2275/2417] Montobbio, N.: name_mismatch
    [2276/2417] Schmitz, L.: name_mismatch
    [2277/2417] Becchio, C.: name_mismatch
    [2278/2417] Lindblom, J.: name_mismatch
    [2279/2417] Ilomäki, M.: name_mismatch
    [2280/2417] Vänskä, M.: name_mismatch
    [2281/2417] Wikman, P.: name_mismatch
    [2282/2417] Whishaw, I. Q.: name_mismatch
    [2283/2417] Mohajerani, M.: name_mismatch
    [2284/2417] Chang, H.: name_mismatch
    [2285/2417] Rezaei, Z.: name_mismatch
    [2286/2417] Bou, J.: name_mismatch
    [2287/2417] Born, J.: name_mismatch
    [2288/2417] Tosadori, E.: name_mismatch
    [2289/2417] Sawangjit, A.: name_mismatch
    [2290/2417] Parvizi, J.: name_mismatch
    [2291/2417] Shailja, S.: name_mismatch
    [2292/2417] Lyu, D.: name_mismatch
    [2293/2417] McNab, J. A.: name_mismatch
    [2294/2417] Kurth, A. C.: name_mismatch
    [2295/2417] Asabuki, T.: name_mismatch
    [2296/2417] Kuai, H.: name_mismatch
    [2297/2417] Chen, Z.: name_mismatch
    [2298/2417] Zhong, N.: name_mismatch
    [2299/2417] Wan, K.: name_mismatch
    [2300/2417] Thompson, J. A.: name_mismatch
    [2301/2417] Kumar, A.: name_mismatch
    [2302/2417] Tyner, K.: name_mismatch
    [2303/2417] Kramer, D. R.: name_mismatch
    [2304/2417] Warman, A.: name_mismatch
    [2305/2417] Smith, F.: name_mismatch
    [2306/2417] Tonin, D.: name_mismatch
    [2307/2417] Rossit, S.: name_mismatch
    [2308/2417] Westbrook, R. F.: name_mismatch
    [2309/2417] Holmes, N.: name_mismatch
    [2310/2417] Wong, F. S.: name_mismatch
    [2311/2417] Thomas, A. B.: name_mismatch
    [2312/2417] Vogels, T. P.: name_mismatch
    [2313/2417] Confavreux, B.: name_mismatch
    [2314/2417] Kania, M.: name_mismatch
    [2315/2417] Nakano, M.: name_mismatch
    [2316/2417] Blanco-Hernandez, E.: name_mismatch
    [2317/2417] Burgalossi, A.: name_mismatch
    [2318/2417] Huang, R.: name_mismatch
    [2319/2417] Clopath, C.: name_mismatch
    [2320/2417] Wagle, S.: name_mismatch
    [2321/2417] Brehm, N.: name_mismatch
    [2322/2417] Chakraborty, S.: name_mismatch
    [2323/2417] Bollmann, J. H.: name_mismatch
    [2324/2417] Fridriksson, J.: name_mismatch
    [2325/2417] Newman-Norlund, R. D.: name_mismatch
    [2326/2417] Nemati, S.: name_mismatch
    [2327/2417] Bonilha, L.: name_mismatch
    [2328/2417] Araujo, P.: name_mismatch
    [2329/2417] Baird, E.: name_mismatch
    [2330/2417] Restrepo, C. E.: name_mismatch
    [2331/2417] Bauer, P.: name_mismatch
    [2332/2417] Garrett, C.: name_mismatch
    [2333/2417] Kubanek, J.: name_mismatch
    [2334/2417] Lybbert, C.: name_mismatch
    [2335/2417] Begum, R.: name_mismatch
    [2336/2417] Hauer, M.: name_mismatch
    [2337/2417] Recanatesi, S.: name_mismatch
    [2338/2417] Dahmen, D.: name_mismatch
    [2339/2417] Amalberti, L.: name_mismatch
    [2340/2417] Akhtar, M. S.: name_mismatch
    [2341/2417] Liu, J.: name_mismatch
    [2342/2417] Coffey, L. L.: name_mismatch
    [2343/2417] Gong, Q.: name_mismatch
    [2344/2417] Vogels, T. P.: name_mismatch
    [2345/2417] Confavreux, B.: name_mismatch
    [2346/2417] Kania, M.: name_mismatch
    [2347/2417] Yee, A.: name_mismatch
    [2348/2417] Ford, C. P.: name_mismatch
    [2349/2417] Bergum, N.: name_mismatch
    [2350/2417] Edwards, R.: name_mismatch
    [2351/2417] Kang, M. J. Y.: name_mismatch
    [2352/2417] Ching, C. R. K.: name_mismatch
    [2353/2417] for the Alzheimers Disease Neuroimaging Initiative,: name_mismatch
    [2354/2417] Im, Y.: name_mismatch
    [2355/2417] Li, Q.: name_mismatch
    [2356/2417] Lee, T.-H.: name_mismatch
    [2357/2417] Kim-Spoon, J.: name_mismatch
    [2358/2417] Chen, Y.-Y.: name_mismatch
    [2359/2417] Keilholz, S.: name_mismatch
    [2360/2417] Daley, L.: name_mismatch
    [2361/2417] Pan, W.-J.: name_mismatch
    [2362/2417] Jaeger, D.: name_mismatch
    [2363/2417] Schmidt, H.: name_mismatch
    [2364/2417] Sanchez, S. M.: name_mismatch
    [2365/2417] Hlinka, J.: name_mismatch
    [2366/2417] Spaniel, F.: name_mismatch
    [2367/2417] Cupertino, N. C.: name_mismatch
    [2368/2417] Roberts, B. L.: name_mismatch
    [2369/2417] Wormenor, P. P.: name_mismatch
    [2370/2417] Walker, W. J.: name_mismatch
    [2371/2417] Hammonds, R.: name_mismatch
    [2372/2417] Juavinett, A.: name_mismatch
    [2373/2417] Voytek, B.: name_mismatch
    [2374/2417] Martin-Burgos, B.: name_mismatch
    [2375/2417] Herbst, S. K.: name_mismatch
    [2376/2417] Dumeige, C.: name_mismatch
    [2377/2417] Wetekam, J.: name_mismatch
    [2378/2417] Beurtey, M.: name_mismatch
    [2379/2417] Gan, X.: name_mismatch
    [2380/2417] Wu, Y.: name_mismatch
    [2381/2417] Becker, B.: name_mismatch
    [2382/2417] Teng, Y.: name_mismatch
    [2383/2417] Gayet, S.: name_mismatch
    [2384/2417] Celik, U. G.: name_mismatch
    [2385/2417] Chota, S.: name_mismatch
    [2386/2417] Arora, K.: name_mismatch
    [2387/2417] Wei, W.: name_mismatch
    [2388/2417] Yin, J.: name_mismatch
    [2389/2417] Mabb, A. M.: name_mismatch
    [2390/2417] Liu, R.: name_mismatch
    [2391/2417] Chen, T.: name_mismatch
    [2392/2417] Liu, J.: name_mismatch
    [2393/2417] Huo, C.: name_mismatch
    [2394/2417] Li, Z.: name_mismatch
    [2395/2417] Nestor, A.: name_mismatch
    [2396/2417] Jiang, H. N.: name_mismatch
    [2397/2417] Cant, J. S.: name_mismatch
    [2398/2417] Shoura, M.: name_mismatch
    [2399/2417] LaVilliers, J. W.: name_mismatch
    [2400/2417] Pieroni, E. M.: name_mismatch
    [2401/2417] O'Connor, V. M.: name_mismatch
    [2402/2417] Dillon, J. C.: name_mismatch
    [2403/2417] Kunze, J.: name_mismatch
    [2404/2417] Student, J. P.: name_mismatch
    [2405/2417] Nau, C.: name_mismatch
    [2406/2417] Obleser, J.: name_mismatch
    [2407/2417] Davis, O. C.: name_mismatch
    [2408/2417] Brandon, J. M.: name_mismatch
    [2409/2417] Dussor, G.: name_mismatch
    [2410/2417] Price, T. J.: name_mismatch
    [2411/2417] Guoqing Liu: name_mismatch
    [2412/2417] Marwin H. S. Segler: name_mismatch
    [2413/2417] Krzysztof Maziarz: name_mismatch
    [2414/2417] Qiang Xiong: name_mismatch
    [2415/2417] Yesseinia Anglero-Rodriguez: name_mismatch
    [2416/2417] Jennifer L. Marlowe: name_mismatch
    [2417/2417] Shubhajit Roy: name_mismatch
[DB] Database committed

============================================================
Step 4: Compiling results
============================================================

Saving results to D:\working\scientific bulletin\getfiles\all_papers_2026-09-27_enriched.jsonl...
[OK] Saved successfully

================================================================================
STATISTICS
================================================================================
Total papers:     702
Processing time:  17.9s (0.0s per paper)
Successfully enriched: 702
Papers with seniors:   31 (4.4%)
Total senior authors:  39

================================================================================
DATABASE STATISTICS
================================================================================
Cached authors: 77263

Top senior researchers:
  - Karl Friston                   h=261  cites=302942
  - Matthias Mann                  h=250  cites=299613
  - Richard A. Flavell             h=247  cites=232401
  - Trevor W. Robbins              h=242  cites=194866
  - Peer Bork                      h=233  cites=379172
  - Gordon B. Mills                h=231  cites=264176
  - Jun Wang                       h=222  cites=297655
  - Nicholas G. Martin             h=221  cites=233508
  - Philippe Ciais                 h=221  cites=224386
  - Wei Huang                      h=219  cites=256954
  - Matthew Meyerson               h=217  cites=294108
  - Lei Jiang                      h=212  cites=207548
  - Kenji Watanabe                 h=210  cites=222848
  - Qiang Zhang                    h=210  cites=178107
  - Takashi Taniguchi              h=203  cites=212972

Output saved to: D:\working\scientific bulletin\getfiles\all_papers_2026-09-27_enriched.jsonl
