
================================================================================
Neuroscience Bulletin - BETA with Integrated Enrichment
================================================================================
Date range: last 11 days
Publication filter (inclusive): 2026-09-28 to 2026-10-04
Output directory: getfiles
Auto-enrichment: DISABLED


================================================================================
Fetching from arXiv...
Categories: q-bio.NC, q-bio.TO, q-bio.MN, q-bio.BM, q-bio.QM
Date range: last 11 days only (strict)
================================================================================
Fetching arXiv papers for category: q-bio.NC
  Found 79 papers in last 11 days
Fetching arXiv papers for category: q-bio.TO
  Found 5 papers in last 11 days
Fetching arXiv papers for category: q-bio.MN
  Found 7 papers in last 11 days
Fetching arXiv papers for category: q-bio.BM
  Found 30 papers in last 11 days
Fetching arXiv papers for category: q-bio.QM
  Found 45 papers in last 11 days
Total arXiv papers: 156

================================================================================
Fetching from bioRxiv (neuroscience category)...
================================================================================
Fetching bioRxiv 'neuroscience' papers from 2026-09-27 to 2026-10-08
  Fetched 30/460 papers
  Fetched 60/460 papers
[ERROR] Failed to fetch from bioRxiv: 500 Server Error: Internal Server Error for url: https://api.biorxiv.org/details/biorxiv/2026-09-27/2026-10-08/60?format=json&limit=100&category=neuroscience
  Found 60 unique papers
Total bioRxiv papers: 60

================================================================================
Fetching from Nature journals (last 11 days)...
================================================================================

[1/10] Processing: https://www.nature.com/nature/research-articles
Fetching articles from https://www.nature.com/nature/research-articles
Fetching articles from last 11 days (since 2026-09-27)
page 1
  Found 20 articles on this page
    [-] 2026-07-10 - Too old, stopping
  -> Found 0 papers

[2/10] Processing: https://www.nature.com/nature/reviews-and-analysis
Fetching articles from https://www.nature.com/nature/reviews-and-analysis
Fetching articles from last 11 days (since 2026-09-27)
page 1
  Found 2 articles on this page
    [-] 2026-07-10 - Too old, stopping
  -> Found 0 papers

[3/10] Processing: https://www.nature.com/natbiomedeng/research-articles
Fetching articles from https://www.nature.com/natbiomedeng/research-articles
Fetching articles from last 11 days (since 2026-09-27)
page 1
  Found 20 articles on this page
    [-] 2026-07-10 - Too old, stopping
  -> Found 0 papers

[4/10] Processing: https://www.nature.com/natbiomedeng/reviews-and-analysis
Fetching articles from https://www.nature.com/natbiomedeng/reviews-and-analysis
Fetching articles from last 11 days (since 2026-09-27)
page 1
  Found 5 articles on this page
    [-] 2026-05-10 - Too old, stopping
  -> Found 0 papers

[5/10] Processing: https://www.nature.com/nmeth/research-articles
Fetching articles from https://www.nature.com/nmeth/research-articles
Fetching articles from last 11 days (since 2026-09-27)
page 1
  Found 19 articles on this page
    [-] 2026-06-10 - Too old, stopping
  -> Found 0 papers

[6/10] Processing: https://www.nature.com/nmeth/reviews-and-analysis
Fetching articles from https://www.nature.com/nmeth/reviews-and-analysis
Fetching articles from last 11 days (since 2026-09-27)
page 1
  Found 0 articles on this page
  Less than 5 articles on page, stopping
Total articles collected: 0
  -> Found 0 papers

[7/10] Processing: https://www.nature.com/neuro/research-articles
Fetching articles from https://www.nature.com/neuro/research-articles
Fetching articles from last 11 days (since 2026-09-27)
page 1
  Found 17 articles on this page
    [-] 2026-07-10 - Too old, stopping
  -> Found 0 papers

[8/10] Processing: https://www.nature.com/neuro/reviews-and-analysis
Fetching articles from https://www.nature.com/neuro/reviews-and-analysis
Fetching articles from last 11 days (since 2026-09-27)
page 1
  Found 3 articles on this page
    [-] 2026-08-24 - Too old, stopping
  -> Found 0 papers

[9/10] Processing: https://www.nature.com/nathumbehav/research-articles
Fetching articles from https://www.nature.com/nathumbehav/research-articles
Fetching articles from last 11 days (since 2026-09-27)
page 1
  Found 20 articles on this page
    [-] 2026-05-10 - Too old, stopping
  -> Found 0 papers

[10/10] Processing: https://www.nature.com/nathumbehav/reviews-and-analysis
Fetching articles from https://www.nature.com/nathumbehav/reviews-and-analysis
Fetching articles from last 11 days (since 2026-09-27)
page 1
  Found 0 articles on this page
  Less than 5 articles on page, stopping
Total articles collected: 0
  -> Found 0 papers

Total Nature papers: 0

================================================================================
Fetching from Science journal...
================================================================================
================================================================================
Science Crawler (Scrapling Beta)
================================================================================
Fetching: https://www.science.org/journal/science/research?startPage=0&pageSize=100
Fetching with Scrapling StealthyFetcher (headless=True)...
[2026-10-08 17:38:04] INFO: Fetched (307) <GET https://www.science.org/journal/science/research?startPage=0&pageSize=100> (referer: https://www.google.com/)
[2026-10-08 17:38:04] INFO: Fetched (403) <GET https://www.science.org/journal/science/research?startPage=0&pageSize=100> (referer: https://www.google.com/)
Fetched 29124 chars via Scrapling
Found 0 article cards
Web scraping returned no articles; trying PubMed fallback...

================================================================================
Falling back to PubMed API for Science journal
================================================================================
Query: Science[journal] AND 2026/09/27:2026/10/08[PDAT]
Date range: 2026/09/27 to 2026/10/08
Total articles found: 44
Fetching batch 1/1 (44 articles)...
  -> 44 fetched, 41 kept after filtering

Applying client-side date filtering (last 11 days)...
  -> 41 papers after date filtering
Extracted 41 research articles from PubMed

================================================================================
Enriching with Europe PMC and preprint servers...
================================================================================

================================================================================
Enriching Science journal papers
================================================================================

Enriching 41 papers...
================================================================================

[1/41]  Enriching: Snowball refrigeration of Earth's crust mimics glacial erosion....
    Trying Europe PMC (title search)...
    [OK] Found in Europe PMC by title (similarity: 1.00)

[2/41]  Enriching: A tumor suppressor shuts down a signal gradient....
    Trying Europe PMC (title search)...
    [OK] Found in Europe PMC by title (similarity: 1.00)

[3/41]  Enriching: A mitochondrial carrier turns on the heat....
    Trying Europe PMC (title search)...
    [OK] Found in Europe PMC by title (similarity: 1.00)

[4/41]  Enriching: Osteoarthritis as a vascular disease....
    Trying Europe PMC (title search)...
    [OK] Found in Europe PMC by title (similarity: 1.00)

[5/41]  Enriching: Self-assembling polymers work up some nerve....
    Trying Europe PMC (title search)...
    [OK] Found in Europe PMC by title (similarity: 1.00)

[6/41]  Enriching: Ultrahigh piezoelectricity by polaron-defect complexes....
    Trying Europe PMC (title search)...
    [OK] Found in Europe PMC by title (similarity: 1.00)

[7/41]  Enriching: Precise length and charge segmentation of billion-dalton supramolecula...
    Trying Europe PMC (title search)...
    [OK] Found in Europe PMC by title (similarity: 1.00)

[8/41]  Enriching: Editor's Note on the Research Article "China's solar expansion policy ...
    Trying Europe PMC (title search)...
    [OK] Found in Europe PMC by title (similarity: 1.00)

[9/41]  Enriching: Longevity products: Innovation through regulation....
    Trying Europe PMC (title search)...
    [OK] Found in Europe PMC by title (similarity: 1.00)

[10/41]  Enriching: Reframing menopause and menopause hormone therapy as opportunities for...
    Trying Europe PMC (title search)...
    [OK] Found in Europe PMC by title (similarity: 1.00)

[11/41]  Enriching: Sex-specific mechanisms of chronic pain....
    Trying Europe PMC (title search)...
    [OK] Found in Europe PMC by title (similarity: 1.00)

[12/41]  Enriching: X and Y chromosomes as determinants of aging and disease....
    Trying Europe PMC (title search)...
    [OK] Found in Europe PMC by title (similarity: 1.00)

[13/41]  Enriching: Loss of the tumor suppressor p53 generates a signaling gradient that d...
    Trying Europe PMC (title search)...
    [OK] Found in Europe PMC by title (similarity: 1.00)

[14/41]  Enriching: Streamlining oversight in gene-editing trials....
    Trying Europe PMC (title search)...
    [OK] Found in Europe PMC by title (similarity: 1.00)

[15/41]  Enriching: Incorporation of atmospheric components in planetary magma oceans thro...
    Trying Europe PMC (title search)...
    [OK] Found in Europe PMC by title (similarity: 1.00)

[16/41]  Enriching: Mitochondrial carrier SLC25A34 links clock, diet, and temperature cont...
    Trying Europe PMC (title search)...
    [OK] Found in Europe PMC by title (similarity: 1.00)

[17/41]  Enriching: Making the invisible visible....
    Trying Europe PMC (title search)...
    [OK] Found in Europe PMC by title (similarity: 1.00)

[18/41]  Enriching: Shots on goal....
    Trying Europe PMC (title search)...
    [OK] Found in Europe PMC by title (similarity: 1.00)

[19/41]  Enriching: In Other Journals....
    Trying Europe PMC (title search)...
    [OK] Found in Europe PMC by title (similarity: 1.00)

[20/41]  Enriching: Dynamic multimodal cation-carbon interaction for efficient adiponitril...
    Trying Europe PMC (title search)...
    [OK] Found in Europe PMC by title (similarity: 1.00)

[21/41]  Enriching: In Science Journals....
    Trying Europe PMC (title search)...
    [OK] Found in Europe PMC by title (similarity: 1.00)

[22/41]  Enriching: Quadrupolar sea level fluctuations reveal episodes of rapid polar wand...
    Trying Europe PMC (title search)...
    [OK] Found in Europe PMC by title (similarity: 1.00)

[23/41]  Enriching: Fed up with politicians not listening, a climate scientist runs for of...
    Trying Europe PMC (title search)...
    [OK] Found in Europe PMC by title (similarity: 1.00)

[24/41]  Enriching: First glowing cuttlefish marks a genetic engineering milestone....
    Trying Europe PMC (title search)...
    [OK] Found in Europe PMC by title (similarity: 1.00)

[25/41]  Enriching: Can an AI feel pain? It can at least act like it does....
    Trying Europe PMC (title search)...
    [OK] Found in Europe PMC by title (similarity: 1.00)

[26/41]  Enriching: U.K. funder used 'AI triage' to reject grant proposals....
    Trying Europe PMC (title search)...
    [OK] Found in Europe PMC by title (similarity: 1.00)

[27/41]  Enriching: Hierarchical crystalline organic-inorganic framework enabling high-mod...
    Trying Europe PMC (title search)...
    [OK] Found in Europe PMC by title (similarity: 1.00)

[28/41]  Enriching: Shaping maternal physiology: Immune control of reproductive adaptation...
    Trying Europe PMC (title search)...
    [OK] Found in Europe PMC by title (similarity: 1.00)

[29/41]  Enriching: Synergistic polar states by selective atomic gradients....
    Trying Europe PMC (title search)...
    [OK] Found in Europe PMC by title (similarity: 1.00)

[30/41]  Enriching: Stationary entanglement of a levitated oscillator with an optical fiel...
    Trying Europe PMC (title search)...
    [OK] Found in Europe PMC by title (similarity: 1.00)

[31/41]  Enriching: The utilitarian temptation in gene editing....
    Trying Europe PMC (title search)...
    [OK] Found in Europe PMC by title (similarity: 1.00)

[32/41]  Enriching: Phage proteases activate CBASS antiphage immunity....
    Trying Europe PMC (title search)...
    [OK] Found in Europe PMC by title (similarity: 1.00)

[33/41]  Enriching: Does the postmenopausal ovary still matter?...
    Trying Europe PMC (title search)...
    [OK] Found in Europe PMC by title (similarity: 1.00)

[34/41]  Enriching: Recording results from single-patient trials....
    Trying Europe PMC (title search)...
    [OK] Found in Europe PMC by title (similarity: 1.00)

[35/41]  Enriching: A Lifelong Focus on Women's Health....
    Trying Europe PMC (title search)...
    [OK] Found in Europe PMC by title (similarity: 1.00)

[36/41]  Enriching: Impending changes to U.S. human subject protections put ethicists on e...
    Trying Europe PMC (title search)...
    [OK] Found in Europe PMC by title (similarity: 1.00)

[37/41]  Enriching: Epistemic justice in gene-editing research....
    Trying Europe PMC (title search)...
    [OK] Found in Europe PMC by title (similarity: 1.00)

[38/41]  Enriching: Oil wells could become mines for critical minerals....
    Trying Europe PMC (title search)...
    [OK] Found in Europe PMC by title (similarity: 1.00)

[39/41]  Enriching: Space telescope will reopen view of far-infrared sky....
    Trying Europe PMC (title search)...
    [OK] Found in Europe PMC by title (similarity: 1.00)

[40/41]  Enriching: Hypertension fuels osteoarthritis through neuroendocrine signaling....
    Trying Europe PMC (title search)...
    [OK] Found in Europe PMC by title (similarity: 1.00)

[41/41]  Enriching: Project will track Amazon biodiversity in real time....
    Trying Europe PMC (title search)...
    [OK] Found in Europe PMC by title (similarity: 1.00)

================================================================================
Enrichment Summary:
  Total papers: 41
  Europe PMC (DOI): 0
  Europe PMC (title): 41
  Preprint servers: 0
  Original only: 0
  Errors: 0

Total Science papers: 41

Enrichment breakdown:
  europepmc_title: 41

================================================================================
Fetching from Cell Press journals...
================================================================================
================================================================================
Cell Press Crawler (Scrapling Beta) - Cell
================================================================================
Fetching: https://www.cell.com/cell/current
Fetching with Scrapling StealthyFetcher (headless=True)...
[2026-10-08 17:39:50] INFO: Fetched (307) <GET https://www.cell.com/cell/current> (referer: https://www.google.com/)
[2026-10-08 17:39:50] INFO: Fetched (403) <GET https://www.cell.com/cell/current> (referer: https://www.google.com/)
Fetched 28928 chars via Scrapling
[ERROR] Cloudflare challenge detected!
Web scraping returned no articles for Cell; trying PubMed fallback...

================================================================================
Falling back to PubMed API for Cell
================================================================================
Query: Cell[journal] AND 2026/09/24:2026/10/08[PDAT]
Date range: 2026/09/24 to 2026/10/08
Total articles found: 41
Fetching batch 1/1 (41 articles)...
  -> 41 fetched, 41 kept after filtering

Applying client-side date filtering (last 14 days)...
  -> Removed 17 papers outside date range
  -> 24 papers after date filtering
Extracted 24 articles from PubMed for Cell
================================================================================
Cell Press Crawler (Scrapling Beta) - Neuron
================================================================================
Fetching: https://www.cell.com/neuron/current
Fetching with Scrapling StealthyFetcher (headless=True)...
[2026-10-08 17:40:01] INFO: Fetched (307) <GET https://www.cell.com/neuron/current> (referer: https://www.google.com/)
[2026-10-08 17:40:01] INFO: Fetched (403) <GET https://www.cell.com/neuron/current> (referer: https://www.google.com/)
Fetched 28934 chars via Scrapling
[ERROR] Cloudflare challenge detected!
Web scraping returned no articles for Neuron; trying PubMed fallback...

================================================================================
Falling back to PubMed API for Neuron
================================================================================
Query: Neuron[journal] AND 2026/09/24:2026/10/08[PDAT]
Date range: 2026/09/24 to 2026/10/08
Total articles found: 34
Fetching batch 1/1 (34 articles)...
  -> 34 fetched, 33 kept after filtering

Applying client-side date filtering (last 14 days)...
  -> Removed 12 papers outside date range
  -> 21 papers after date filtering
Extracted 21 articles from PubMed for Neuron
================================================================================
Cell Press Crawler (Scrapling Beta) - Current Biology
================================================================================
Fetching: https://www.cell.com/current-biology/current
Fetching with Scrapling StealthyFetcher (headless=True)...
[2026-10-08 17:40:14] INFO: Fetched (307) <GET https://www.cell.com/current-biology/current> (referer: https://www.google.com/)
[2026-10-08 17:40:14] INFO: Fetched (403) <GET https://www.cell.com/current-biology/current> (referer: https://www.google.com/)
Fetched 28962 chars via Scrapling
[ERROR] Cloudflare challenge detected!
Web scraping returned no articles for Current Biology; trying PubMed fallback...

================================================================================
Falling back to PubMed API for Current Biology
================================================================================
Query: Current Biology[journal] AND 2026/09/24:2026/10/08[PDAT]
Date range: 2026/09/24 to 2026/10/08
Total articles found: 61
Fetching batch 1/1 (61 articles)...
  -> 61 fetched, 61 kept after filtering

Applying client-side date filtering (last 14 days)...
  -> Removed 24 papers outside date range
  -> 37 papers after date filtering
Extracted 37 articles from PubMed for Current Biology
================================================================================
Cell Press Crawler (Scrapling Beta) - Trends in Neurosciences
================================================================================
Fetching: https://www.cell.com/trends/neurosciences/current
Fetching with Scrapling StealthyFetcher (headless=True)...
[2026-10-08 17:40:24] INFO: Fetched (307) <GET https://www.cell.com/trends/neurosciences/current> (referer: https://www.google.com/)
[2026-10-08 17:40:24] INFO: Fetched (403) <GET https://www.cell.com/trends/neurosciences/current> (referer: https://www.google.com/)
Fetched 28998 chars via Scrapling
[ERROR] Cloudflare challenge detected!
Web scraping returned no articles for Trends in Neurosciences; trying PubMed fallback...

================================================================================
Falling back to PubMed API for Trends in Neurosciences
================================================================================
Query: Trends Neurosci[journal] AND 2026/09/24:2026/10/08[PDAT]
Date range: 2026/09/24 to 2026/10/08
Total articles found: 1
Fetching batch 1/1 (1 articles)...
  -> 1 fetched, 1 kept after filtering

Applying client-side date filtering (last 14 days)...
  -> 1 papers after date filtering
Extracted 1 articles from PubMed for Trends in Neurosciences
[ERROR] Failed to fetch cell-reports: Unknown journal: cell-reports. Available: ['cell', 'neuron', 'current-biology', 'trends-neurosciences']
[ERROR] Failed to fetch iscience: Unknown journal: iscience. Available: ['cell', 'neuron', 'current-biology', 'trends-neurosciences']
[ERROR] Failed to fetch cell-systems: Unknown journal: cell-systems. Available: ['cell', 'neuron', 'current-biology', 'trends-neurosciences']

================================================================================
Enriching with Europe PMC...
================================================================================

Enriching 83 papers...
================================================================================

[1/83]  Enriching: A non-canonical function of glutathione to suppress ferroptosis via FS...
    Trying Europe PMC (title search)...
    [SKIP] Title similarity too low (0.12)
    Trying Europe PMC (DOI: 10.1016/j.cell.2026.09.024...)
[INFO] No results found for DOI: 10.1016/j.cell.2026.09.024
    Trying preprint servers...
    [NOT FOUND] Keeping original data (no abstract)

[2/83]  Enriching: A spatiotemporal lifecycle atlas decodes spatial coordination in rice....
    Trying Europe PMC (title search)...
    [SKIP] Title similarity too low (0.00)
    Trying Europe PMC (DOI: 10.1016/j.cell.2026.09.023...)
[INFO] No results found for DOI: 10.1016/j.cell.2026.09.023
    Trying preprint servers...
    [NOT FOUND] Keeping original data (no abstract)

[3/83]  Enriching: SPARCS enables scalable recovery of complex image-based phenotypes for...
    Trying Europe PMC (title search)...
    [SKIP] Title similarity too low (0.09)
    Trying Europe PMC (DOI: 10.1016/j.cell.2026.09.021...)
[INFO] No results found for DOI: 10.1016/j.cell.2026.09.021
    Trying preprint servers...
API Error 500: {"status":"error","message-type":"exception","message-version":"1.0.0","message":{"name":"class java.util.concurrent.CancellationException","description":"java.util.concurrent.CancellationException: Request execution cancelled","message":"Request execution cancelled","stack":["org.apache.http.impl.nio.client.CloseableHttpAsyncClientBase.execute(CloseableHttpAsyncClientBase.java:114)","org.apache.http.impl.nio.client.InternalHttpAsyncClient.execute(InternalHttpAsyncClient.java:138)","org.elasticsearch.client.RestClient.lambda$performRequestAsync$0(RestClient.java:393)","org.elasticsearch.client.Cancellable$RequestCancellable.runIfNotCancelled(Cancellable.java:90)","org.elasticsearch.client.RestClient.performRequestAsync(RestClient.java:391)","org.elasticsearch.client.RestClient.performRequestAsync(RestClient.java:378)","qbits.spandex$request_async.invokeStatic(spandex.clj:321)","qbits.spandex$request_async.invoke(spandex.clj:306)","qbits.spandex$request_chan$fn__15375.invoke(spandex.clj:338)","qbits.spandex$request_chan.invokeStatic(spandex.clj:337)","qbits.spandex$request_chan.invoke(spandex.clj:330)","cayenne.data.work$fetch_data_async.invokeStatic(work.clj:90)","cayenne.data.work$fetch_data_async.doInvoke(work.clj:84)","clojure.lang.RestFn.invoke(RestFn.java:467)","cayenne.data.work$fetch_async.invokeStatic(work.clj:247)","cayenne.data.work$fetch_async.doInvoke(work.clj:243)","clojure.lang.RestFn.invoke(RestFn.java:428)","cayenne.api.v1.routes$works_resource$fn__37129.invoke(routes.clj:135)","liberator.core$run_handler.invokeStatic(core.clj:176)","liberator.core$run_handler.invoke(core.clj:131)","liberator.core$handle_ok.invokeStatic(core.clj:224)","liberator.core$handle_ok.invoke(core.clj:224)","liberator.core$decide.invokeStatic(core.clj:87)","liberator.core$decide.invoke(core.clj:74)","liberator.core$multiple_representations_QMARK_.invokeStatic(core.clj:232)","liberator.core$multiple_representations_QMARK_.invoke(core.clj:232)","liberator.core$decide.invokeStatic(core.clj:87)","liberator.core$decide.invoke(core.clj:74)","liberator.core$put_to_existing_QMARK_.invokeStatic(core.clj:305)","liberator.core$put_to_existing_QMARK_.invoke(core.clj:305)","liberator.core$decide.invokeStatic(core.clj:87)","liberator.core$decide.invoke(core.clj:74)","liberator.core$post_to_existing_QMARK_.invokeStatic(core.clj:308)","liberator.core$post_to_existing_QMARK_.invoke(core.clj:308)","liberator.core$decide.invokeStatic(core.clj:87)","liberator.core$decide.invoke(core.clj:74)","liberator.core$method_patch_QMARK_.invokeStatic(core.clj:315)","liberator.core$method_patch_QMARK_.invoke(core.clj:315)","liberator.core$decide.invokeStatic(core.clj:87)","liberator.core$decide.invoke(core.clj:74)","liberator.core$method_delete_QMARK_.invokeStatic(core.clj:317)","liberator.core$method_delete_QMARK_.invoke(core.clj:317)","liberator.core$decide.invokeStatic(core.clj:87)","liberator.core$decide.invoke(core.clj:74)","liberator.core$if_modified_since_exists_QMARK_.invokeStatic(core.clj:337)","liberator.core$if_modified_since_exists_QMARK_.invoke(core.clj:337)","liberator.core$decide.invokeStatic(core.clj:87)","liberator.core$decide.invoke(core.clj:74)","liberator.core$if_none_match_exists_QMARK_.invokeStatic(core.clj:355)","liberator.core$if_none_match_exists_QMARK_.invoke(core.clj:355)","liberator.core$decide.invokeStatic(core.clj:87)","liberator.core$decide.invoke(core.clj:74)","liberator.core$if_unmodified_since_exists_QMARK_.invokeStatic(core.clj:375)","liberator.core$if_unmodified_since_exists_QMARK_.invoke(core.clj:375)","liberator.core$decide.invokeStatic(core.clj:87)","liberator.core$decide.invoke(core.clj:74)","liberator.core$if_match_exists_QMARK_.invokeStatic(core.clj:389)","liberator.core$if_match_exists_QMARK_.invoke(core.clj:389)","liberator.core$decide.invokeStatic(core.clj:87)","liberator.core$decide.invoke(core.clj:74)","liberator.core$exists_QMARK_.invokeStatic(core.clj:392)","liberator.core$exists_QMARK_.invoke(core.clj:392)","liberator.core$decide.invokeStatic(core.clj:87)","liberator.core$decide.invoke(core.clj:74)","liberator.core$processable_QMARK_.invokeStatic(core.clj:395)","liberator.core$processable_QMARK_.invoke(core.clj:395)","liberator.core$decide.invokeStatic(core.clj:87)","liberator.core$decide.invoke(core.clj:74)","liberator.core$encoding_available_QMARK_.invokeStatic(core.clj:399)","liberator.core$encoding_available_QMARK_.invoke(core.clj:399)","liberator.core$decide.invokeStatic(core.clj:87)","liberator.core$decide.invoke(core.clj:74)","liberator.core$accept_encoding_exists_QMARK_.invokeStatic(core.clj:416)","liberator.core$accept_encoding_exists_QMARK_.invoke(core.clj:416)","liberator.core$decide.invokeStatic(core.clj:87)","liberator.core$decide.invoke(core.clj:74)","liberator.core$accept_charset_exists_QMARK_.invokeStatic(core.clj:429)","liberator.core$accept_charset_exists_QMARK_.invoke(core.clj:429)","liberator.core$decide.invokeStatic(core.clj:87)","liberator.core$decide.invoke(core.clj:74)","liberator.core$accept_language_exists_QMARK_.invokeStatic(core.clj:443)","liberator.core$accept_language_exists_QMARK_.invoke(core.clj:443)","liberator.core$decide.invokeStatic(core.clj:87)","liberator.core$decide.invoke(core.clj:74)","liberator.core$media_type_available_QMARK_.invokeStatic(core.clj:453)","liberator.core$media_type_available_QMARK_.invoke(core.clj:453)","liberator.core$decide.invokeStatic(core.clj:87)","liberator.core$decide.invoke(core.clj:74)","liberator.core$accept_exists_QMARK_.invokeStatic(core.clj:456)","liberator.core$accept_exists_QMARK_.invoke(core.clj:456)","liberator.core$decide.invokeStatic(core.clj:87)","liberator.core$decide.invoke(core.clj:74)","liberator.core$is_options_QMARK_.invokeStatic(core.clj:473)","liberator.core$is_options_QMARK_.invoke(core.clj:473)","liberator.core$decide.invokeStatic(core.clj:87)","liberator.core$decide.invoke(core.clj:74)","liberator.core$valid_entity_length_QMARK_.invokeStatic(core.clj:476)","liberator.core$valid_entity_length_QMARK_.invoke(core.clj:476)","liberator.core$decide.invokeStatic(core.clj:87)","liberator.core$decide.invoke(core.clj:74)","liberator.core$known_content_type_QMARK_.invokeStatic(core.clj:479)","liberator.core$known_content_type_QMARK_.invoke(core.clj:479)","liberator.core$decide.invokeStatic(core.clj:87)","liberator.core$decide.invoke(core.clj:74)","liberator.core$valid_content_header_QMARK_.invokeStatic(core.clj:481)","liberator.core$valid_content_header_QMARK_.invoke(core.clj:481)","liberator.core$decide.invokeStatic(core.clj:87)","liberator.core$decide.invoke(core.clj:74)","liberator.core$allowed_QMARK_.invokeStatic(core.clj:484)","liberator.core$allowed_QMARK_.invoke(core.clj:484)","liberator.core$decide.invokeStatic(core.clj:87)","liberator.core$decide.invoke(core.clj:74)","liberator.core$authorized_QMARK_.invokeStatic(core.clj:487)","liberator.core$authorized_QMARK_.invoke(core.clj:487)","liberator.core$decide.invokeStatic(core.clj:87)","liberator.core$decide.invoke(core.clj:74)","liberator.core$malformed_QMARK_.invokeStatic(core.clj:490)","liberator.core$malformed_QMARK_.invoke(core.clj:490)","liberator.core$decide.invokeStatic(core.clj:87)","liberator.core$decide.invoke(core.clj:74)","liberator.core$method_allowed_QMARK_.invokeStatic(core.clj:493)","liberator.core$method_allowed_QMARK_.invoke(core.clj:493)","liberator.core$decide.invokeStatic(core.clj:87)","liberator.core$decide.invoke(core.clj:74)","liberator.core$uri_too_long_QMARK_.invokeStatic(core.clj:496)","liberator.core$uri_too_long_QMARK_.invoke(core.clj:496)","liberator.core$decide.invokeStatic(core.clj:87)","liberator.core$decide.invoke(core.clj:74)","liberator.core$known_method_QMARK_.invokeStatic(core.clj:499)","liberator.core$known_method_QMARK_.invoke(core.clj:499)","liberator.core$decide.invokeStatic(core.clj:87)","liberator.core$decide.invoke(core.clj:74)","liberator.core$service_available_QMARK_.invokeStatic(core.clj:502)","liberator.core$service_available_QMARK_.invoke(core.clj:502)","liberator.core$decide.invokeStatic(core.clj:87)","liberator.core$decide.invoke(core.clj:74)","liberator.core$initialize_context.invokeStatic(core.clj:504)","liberator.core$initialize_context.invoke(core.clj:504)","liberator.core$run_resource.invokeStatic(core.clj:595)","liberator.core$run_resource.invoke(core.clj:593)","cayenne.api.v1.routes$works_resource.invokeStatic(routes.clj:122)","cayenne.api.v1.routes$works_resource.invoke(routes.clj:122)","compojure.response$fn__36600.invokeStatic(response.clj:47)","compojure.response$fn__36600.invoke(response.clj:35)","compojure.response$fn__36550$G__36545__36557.invoke(response.clj:7)","compojure.core$wrap_response$fn__37028.invoke(core.clj:158)","compojure.core$pre_init$fn__37079.invoke(core.clj:328)","cayenne.api.auth.apikey$wrap_auth_when_enabled$fn__19032.invoke(apikey.clj:69)","compojure.core$pre_init$fn__37081$fn__37084.invoke(core.clj:335)","compojure.core$wrap_route_middleware$fn__37012.invoke(core.clj:127)","compojure.core$wrap_route_info$fn__37017.invoke(core.clj:137)","compojure.core$wrap_route_matches$fn__37021.invoke(core.clj:146)","compojure.core$routing$fn__37036.invoke(core.clj:185)","clojure.core$some.invokeStatic(core.clj:2722)","clojure.core$some.invoke(core.clj:2713)","compojure.core$routing.invokeStatic(core.clj:185)","compojure.core$routing.doInvoke(core.clj:182)","clojure.lang.RestFn.applyTo(RestFn.java:142)","clojure.core$apply.invokeStatic(core.clj:669)","clojure.core$apply.invoke(core.clj:662)","compojure.core$routes$fn__37040.invoke(core.clj:192)","compojure.core$routing$fn__37036.invoke(core.clj:185)","clojure.core$some.invokeStatic(core.clj:2722)","clojure.core$some.invoke(core.clj:2713)","compojure.core$routing.invokeStatic(core.clj:185)","compojure.core$routing.doInvoke(core.clj:182)","clojure.lang.RestFn.applyTo(RestFn.java:142)","clojure.core$apply.invokeStatic(core.clj:669)","clojure.core$apply.invoke(core.clj:662)","compojure.core$routes$fn__37040.invoke(core.clj:192)","compojure.core$routing$fn__37036.invoke(core.clj:185)","clojure.core$some.invokeStatic(core.clj:2722)","clojure.core$some.invoke(core.clj:2713)","compojure.core$routing.invokeStatic(core.clj:185)","compojure.core$routing.doInvoke(core.clj:182)","clojure.lang.RestFn.applyTo(RestFn.java:142)","clojure.core$apply.invokeStatic(core.clj:669)","clojure.core$apply.invoke(core.clj:662)","compojure.core$routes$fn__37040.invoke(core.clj:192)","compojure.core$wrap_routes$fn__37091.invoke(core.clj:348)","cayenne.api.route$wrap_async$fn__42564.invoke(route.clj:308)","ring.middleware.keyword_params$wrap_keyword_params$fn__42065.invoke(keyword_params.clj:55)","ring.middleware.nested_params$wrap_nested_params$fn__42115.invoke(nested_params.clj:91)","ring.middleware.params$wrap_params$fn__42029.invoke(params.clj:69)","cayenne.api.route$wrap_cors$fn__42524.invoke(route.clj:161)","cayenne.api.route$wrap_heartbeat$fn__42569.invoke(route.clj:334)","cayenne.api.conneg$wrap_accept$fn__20855.invoke(conneg.clj:53)","cayenne.api.route$wrap_exception_handler$fn__42539.invoke(route.clj:216)","cayenne.api.route$wrap_ignore_trailing_slash$fn__42542.invoke(route.clj:224)","ring.middleware.gzip$wrap_gzip$fn__41694.invoke(gzip.clj:102)","ring.logger$wrap_log_request_start$fn__41633.invoke(logger.clj:101)","ring.logger$wrap_log_response$fn__41646.invoke(logger.clj:175)","cayenne.api.route$wrap_raise$fn__42574.invoke(route.clj:339)","cayenne.metrics$wrap_trace_events$fn__25799.invoke(metrics.clj:84)","ring.adapter.jetty$async_proxy_handler$fn__41835.invoke(jetty.clj:59)","ring.adapter.jetty.proxy$org.eclipse.jetty.server.handler.AbstractHandler$ff19274a.handle(Unknown Source)","org.eclipse.jetty.server.handler.HandlerWrapper.handle(HandlerWrapper.java:127)","org.eclipse.jetty.server.Server.handle(Server.java:516)","org.eclipse.jetty.server.HttpChannel.lambda$handle$1(HttpChannel.java:388)","org.eclipse.jetty.server.HttpChannel.dispatch(HttpChannel.java:633)","org.eclipse.jetty.server.HttpChannel.handle(HttpChannel.java:380)","org.eclipse.jetty.server.HttpConnection.onFillable(HttpConnection.java:277)","org.eclipse.jetty.io.AbstractConnection$ReadCallback.succeeded(AbstractConnection.java:311)","org.eclipse.jetty.io.FillInterest.fillable(FillInterest.java:105)","org.eclipse.jetty.io.ChannelEndPoint$1.run(ChannelEndPoint.java:104)","org.eclipse.jetty.util.thread.QueuedThreadPool.runJob(QueuedThreadPool.java:882)","org.eclipse.jetty.util.thread.QueuedThreadPool$Runner.run(QueuedThreadPool.java:1036)","java.base\/java.lang.Thread.run(Unknown Source)"],"cause":null}}
    [NOT FOUND] Keeping original data (no abstract)

[4/83]  Enriching: Cancer competition for vitamin B2 creates metabolic checkpoint for T c...
    Trying Europe PMC (title search)...
    [SKIP] Title similarity too low (0.04)
    Trying Europe PMC (DOI: 10.1016/j.cell.2026.09.020...)
[INFO] No results found for DOI: 10.1016/j.cell.2026.09.020
    Trying preprint servers...
    [NOT FOUND] Keeping original data (no abstract)

[5/83]  Enriching: STING reprogramming by estrogen promotes neutrophil extracellular trap...
    Trying Europe PMC (title search)...
    [SKIP] Title similarity too low (0.10)
    Trying Europe PMC (DOI: 10.1016/j.cell.2026.09.031...)
[INFO] No results found for DOI: 10.1016/j.cell.2026.09.031
    Trying preprint servers...
    [NOT FOUND] Keeping original data (no abstract)

[6/83]  Enriching: Pangenome-guided breeding restores high-altitude adaptation and improv...
    Trying Europe PMC (title search)...
    [OK] Found in Europe PMC by title (similarity: 1.00)

[7/83]  Enriching: Acanthamoeba ATP synthase structure reveals the TCA cycle is tethered ...
    Trying Europe PMC (title search)...
    [OK] Found in Europe PMC by title (similarity: 1.00)

[8/83]  Enriching: Comparative analysis of mitochondrial proteomes across the tree of lif...
    Trying Europe PMC (title search)...
    [OK] Found in Europe PMC by title (similarity: 1.00)

[9/83]  Enriching: A high-confidence plant mitochondrial proteome via protein correlation...
    Trying Europe PMC (title search)...
    [OK] Found in Europe PMC by title (similarity: 1.00)

[10/83]  Enriching: Mitochondrial proteome of Acanthamoeba delineates aerobic and anaerobi...
    Trying Europe PMC (title search)...
    [OK] Found in Europe PMC by title (similarity: 1.00)

[11/83]  Enriching: Decoding mitochondrial proteomes of diverse eukaryotes....
    Trying Europe PMC (title search)...
    [OK] Found in Europe PMC by title (similarity: 1.00)

[12/83]  Enriching: Mitochondria before we knew them....
    Trying Europe PMC (title search)...
    [OK] Found in Europe PMC by title (similarity: 1.00)

[13/83]  Enriching: Taking the heat: Breaking the temperature limits of eukaryotic life....
    Trying Europe PMC (title search)...
    [OK] Found in Europe PMC by title (similarity: 1.00)

[14/83]  Enriching: Glioma margins gain a third dimension before surgery ends....
    Trying Europe PMC (title search)...
    [OK] Found in Europe PMC by title (similarity: 1.00)

[15/83]  Enriching: Global, site-resolved analysis of ubiquitylation occupancy and turnove...
    Trying Europe PMC (title search)...
    [OK] Found in Europe PMC by title (similarity: 1.00)

[16/83]  Enriching: Salicylic acid engages central metabolic regulators SnRK1 and TOR to g...
    Trying Europe PMC (title search)...
    [OK] Found in Europe PMC by title (similarity: 1.00)

[17/83]  Enriching: Spatial evolution of a cachexia-promoting microenvironment in pancreat...
    Trying Europe PMC (title search)...
    [OK] Found in Europe PMC by title (similarity: 1.00)

[18/83]  Enriching: Gut microbiota primes stroke severity via the AHR in intestinal dendri...
    Trying Europe PMC (title search)...
    [OK] Found in Europe PMC by title (similarity: 1.00)

[19/83]  Enriching: Microbiome signatures linked to cancer and treatment adverse events in...
    Trying Europe PMC (title search)...
    [OK] Found in Europe PMC by title (similarity: 1.00)

[20/83]  Enriching: Cargo crosslinking nucleates AP-1 lattice formation....
    Trying Europe PMC (title search)...
    [OK] Found in Europe PMC by title (similarity: 1.00)

[21/83]  Enriching: Non-invasive control of gene editing in vivo by photoswitchable Cas12f...
    Trying Europe PMC (title search)...
    [OK] Found in Europe PMC by title (similarity: 1.00)

[22/83]  Enriching: Opposing functions of gut immunomodulatory metabolites on CAR-T therap...
    Trying Europe PMC (title search)...
    [OK] Found in Europe PMC by title (similarity: 1.00)

[23/83]  Enriching: In-cell discovery and characterization of a non-canonical bacterial pr...
    Trying Europe PMC (title search)...
    [OK] Found in Europe PMC by title (similarity: 1.00)

[24/83]  Enriching: Single-cell visual proteomics of a minimal bacterium reveals structura...
    Trying Europe PMC (title search)...
    [OK] Found in Europe PMC by title (similarity: 1.00)

[25/83]  Enriching: Toward an automated science of the mind....
    Trying Europe PMC (title search)...
    [SKIP] Title similarity too low (0.09)
    Trying Europe PMC (DOI: 10.1016/j.neuron.2026.09.012...)
[INFO] No results found for DOI: 10.1016/j.neuron.2026.09.012
    Trying preprint servers...
API Error 500: {"status":"error","message-type":"exception","message-version":"1.0.0","message":{"name":"class java.util.concurrent.CancellationException","description":"java.util.concurrent.CancellationException: Request execution cancelled","message":"Request execution cancelled","stack":["org.apache.http.impl.nio.client.CloseableHttpAsyncClientBase.execute(CloseableHttpAsyncClientBase.java:114)","org.apache.http.impl.nio.client.InternalHttpAsyncClient.execute(InternalHttpAsyncClient.java:138)","org.elasticsearch.client.RestClient.lambda$performRequestAsync$0(RestClient.java:393)","org.elasticsearch.client.Cancellable$RequestCancellable.runIfNotCancelled(Cancellable.java:90)","org.elasticsearch.client.RestClient.performRequestAsync(RestClient.java:391)","org.elasticsearch.client.RestClient.performRequestAsync(RestClient.java:378)","qbits.spandex$request_async.invokeStatic(spandex.clj:321)","qbits.spandex$request_async.invoke(spandex.clj:306)","qbits.spandex$request_chan$fn__15375.invoke(spandex.clj:338)","qbits.spandex$request_chan.invokeStatic(spandex.clj:337)","qbits.spandex$request_chan.invoke(spandex.clj:330)","cayenne.data.work$fetch_data_async.invokeStatic(work.clj:90)","cayenne.data.work$fetch_data_async.doInvoke(work.clj:84)","clojure.lang.RestFn.invoke(RestFn.java:467)","cayenne.data.work$fetch_async.invokeStatic(work.clj:247)","cayenne.data.work$fetch_async.doInvoke(work.clj:243)","clojure.lang.RestFn.invoke(RestFn.java:428)","cayenne.api.v1.routes$works_resource$fn__37129.invoke(routes.clj:135)","liberator.core$run_handler.invokeStatic(core.clj:176)","liberator.core$run_handler.invoke(core.clj:131)","liberator.core$handle_ok.invokeStatic(core.clj:224)","liberator.core$handle_ok.invoke(core.clj:224)","liberator.core$decide.invokeStatic(core.clj:87)","liberator.core$decide.invoke(core.clj:74)","liberator.core$multiple_representations_QMARK_.invokeStatic(core.clj:232)","liberator.core$multiple_representations_QMARK_.invoke(core.clj:232)","liberator.core$decide.invokeStatic(core.clj:87)","liberator.core$decide.invoke(core.clj:74)","liberator.core$put_to_existing_QMARK_.invokeStatic(core.clj:305)","liberator.core$put_to_existing_QMARK_.invoke(core.clj:305)","liberator.core$decide.invokeStatic(core.clj:87)","liberator.core$decide.invoke(core.clj:74)","liberator.core$post_to_existing_QMARK_.invokeStatic(core.clj:308)","liberator.core$post_to_existing_QMARK_.invoke(core.clj:308)","liberator.core$decide.invokeStatic(core.clj:87)","liberator.core$decide.invoke(core.clj:74)","liberator.core$method_patch_QMARK_.invokeStatic(core.clj:315)","liberator.core$method_patch_QMARK_.invoke(core.clj:315)","liberator.core$decide.invokeStatic(core.clj:87)","liberator.core$decide.invoke(core.clj:74)","liberator.core$method_delete_QMARK_.invokeStatic(core.clj:317)","liberator.core$method_delete_QMARK_.invoke(core.clj:317)","liberator.core$decide.invokeStatic(core.clj:87)","liberator.core$decide.invoke(core.clj:74)","liberator.core$if_modified_since_exists_QMARK_.invokeStatic(core.clj:337)","liberator.core$if_modified_since_exists_QMARK_.invoke(core.clj:337)","liberator.core$decide.invokeStatic(core.clj:87)","liberator.core$decide.invoke(core.clj:74)","liberator.core$if_none_match_exists_QMARK_.invokeStatic(core.clj:355)","liberator.core$if_none_match_exists_QMARK_.invoke(core.clj:355)","liberator.core$decide.invokeStatic(core.clj:87)","liberator.core$decide.invoke(core.clj:74)","liberator.core$if_unmodified_since_exists_QMARK_.invokeStatic(core.clj:375)","liberator.core$if_unmodified_since_exists_QMARK_.invoke(core.clj:375)","liberator.core$decide.invokeStatic(core.clj:87)","liberator.core$decide.invoke(core.clj:74)","liberator.core$if_match_exists_QMARK_.invokeStatic(core.clj:389)","liberator.core$if_match_exists_QMARK_.invoke(core.clj:389)","liberator.core$decide.invokeStatic(core.clj:87)","liberator.core$decide.invoke(core.clj:74)","liberator.core$exists_QMARK_.invokeStatic(core.clj:392)","liberator.core$exists_QMARK_.invoke(core.clj:392)","liberator.core$decide.invokeStatic(core.clj:87)","liberator.core$decide.invoke(core.clj:74)","liberator.core$processable_QMARK_.invokeStatic(core.clj:395)","liberator.core$processable_QMARK_.invoke(core.clj:395)","liberator.core$decide.invokeStatic(core.clj:87)","liberator.core$decide.invoke(core.clj:74)","liberator.core$encoding_available_QMARK_.invokeStatic(core.clj:399)","liberator.core$encoding_available_QMARK_.invoke(core.clj:399)","liberator.core$decide.invokeStatic(core.clj:87)","liberator.core$decide.invoke(core.clj:74)","liberator.core$accept_encoding_exists_QMARK_.invokeStatic(core.clj:416)","liberator.core$accept_encoding_exists_QMARK_.invoke(core.clj:416)","liberator.core$decide.invokeStatic(core.clj:87)","liberator.core$decide.invoke(core.clj:74)","liberator.core$accept_charset_exists_QMARK_.invokeStatic(core.clj:429)","liberator.core$accept_charset_exists_QMARK_.invoke(core.clj:429)","liberator.core$decide.invokeStatic(core.clj:87)","liberator.core$decide.invoke(core.clj:74)","liberator.core$accept_language_exists_QMARK_.invokeStatic(core.clj:443)","liberator.core$accept_language_exists_QMARK_.invoke(core.clj:443)","liberator.core$decide.invokeStatic(core.clj:87)","liberator.core$decide.invoke(core.clj:74)","liberator.core$media_type_available_QMARK_.invokeStatic(core.clj:453)","liberator.core$media_type_available_QMARK_.invoke(core.clj:453)","liberator.core$decide.invokeStatic(core.clj:87)","liberator.core$decide.invoke(core.clj:74)","liberator.core$accept_exists_QMARK_.invokeStatic(core.clj:456)","liberator.core$accept_exists_QMARK_.invoke(core.clj:456)","liberator.core$decide.invokeStatic(core.clj:87)","liberator.core$decide.invoke(core.clj:74)","liberator.core$is_options_QMARK_.invokeStatic(core.clj:473)","liberator.core$is_options_QMARK_.invoke(core.clj:473)","liberator.core$decide.invokeStatic(core.clj:87)","liberator.core$decide.invoke(core.clj:74)","liberator.core$valid_entity_length_QMARK_.invokeStatic(core.clj:476)","liberator.core$valid_entity_length_QMARK_.invoke(core.clj:476)","liberator.core$decide.invokeStatic(core.clj:87)","liberator.core$decide.invoke(core.clj:74)","liberator.core$known_content_type_QMARK_.invokeStatic(core.clj:479)","liberator.core$known_content_type_QMARK_.invoke(core.clj:479)","liberator.core$decide.invokeStatic(core.clj:87)","liberator.core$decide.invoke(core.clj:74)","liberator.core$valid_content_header_QMARK_.invokeStatic(core.clj:481)","liberator.core$valid_content_header_QMARK_.invoke(core.clj:481)","liberator.core$decide.invokeStatic(core.clj:87)","liberator.core$decide.invoke(core.clj:74)","liberator.core$allowed_QMARK_.invokeStatic(core.clj:484)","liberator.core$allowed_QMARK_.invoke(core.clj:484)","liberator.core$decide.invokeStatic(core.clj:87)","liberator.core$decide.invoke(core.clj:74)","liberator.core$authorized_QMARK_.invokeStatic(core.clj:487)","liberator.core$authorized_QMARK_.invoke(core.clj:487)","liberator.core$decide.invokeStatic(core.clj:87)","liberator.core$decide.invoke(core.clj:74)","liberator.core$malformed_QMARK_.invokeStatic(core.clj:490)","liberator.core$malformed_QMARK_.invoke(core.clj:490)","liberator.core$decide.invokeStatic(core.clj:87)","liberator.core$decide.invoke(core.clj:74)","liberator.core$method_allowed_QMARK_.invokeStatic(core.clj:493)","liberator.core$method_allowed_QMARK_.invoke(core.clj:493)","liberator.core$decide.invokeStatic(core.clj:87)","liberator.core$decide.invoke(core.clj:74)","liberator.core$uri_too_long_QMARK_.invokeStatic(core.clj:496)","liberator.core$uri_too_long_QMARK_.invoke(core.clj:496)","liberator.core$decide.invokeStatic(core.clj:87)","liberator.core$decide.invoke(core.clj:74)","liberator.core$known_method_QMARK_.invokeStatic(core.clj:499)","liberator.core$known_method_QMARK_.invoke(core.clj:499)","liberator.core$decide.invokeStatic(core.clj:87)","liberator.core$decide.invoke(core.clj:74)","liberator.core$service_available_QMARK_.invokeStatic(core.clj:502)","liberator.core$service_available_QMARK_.invoke(core.clj:502)","liberator.core$decide.invokeStatic(core.clj:87)","liberator.core$decide.invoke(core.clj:74)","liberator.core$initialize_context.invokeStatic(core.clj:504)","liberator.core$initialize_context.invoke(core.clj:504)","liberator.core$run_resource.invokeStatic(core.clj:595)","liberator.core$run_resource.invoke(core.clj:593)","cayenne.api.v1.routes$works_resource.invokeStatic(routes.clj:122)","cayenne.api.v1.routes$works_resource.invoke(routes.clj:122)","compojure.response$fn__36600.invokeStatic(response.clj:47)","compojure.response$fn__36600.invoke(response.clj:35)","compojure.response$fn__36550$G__36545__36557.invoke(response.clj:7)","compojure.core$wrap_response$fn__37028.invoke(core.clj:158)","compojure.core$pre_init$fn__37079.invoke(core.clj:328)","cayenne.api.auth.apikey$wrap_auth_when_enabled$fn__19032.invoke(apikey.clj:69)","compojure.core$pre_init$fn__37081$fn__37084.invoke(core.clj:335)","compojure.core$wrap_route_middleware$fn__37012.invoke(core.clj:127)","compojure.core$wrap_route_info$fn__37017.invoke(core.clj:137)","compojure.core$wrap_route_matches$fn__37021.invoke(core.clj:146)","compojure.core$routing$fn__37036.invoke(core.clj:185)","clojure.core$some.invokeStatic(core.clj:2722)","clojure.core$some.invoke(core.clj:2713)","compojure.core$routing.invokeStatic(core.clj:185)","compojure.core$routing.doInvoke(core.clj:182)","clojure.lang.RestFn.applyTo(RestFn.java:142)","clojure.core$apply.invokeStatic(core.clj:669)","clojure.core$apply.invoke(core.clj:662)","compojure.core$routes$fn__37040.invoke(core.clj:192)","compojure.core$routing$fn__37036.invoke(core.clj:185)","clojure.core$some.invokeStatic(core.clj:2722)","clojure.core$some.invoke(core.clj:2713)","compojure.core$routing.invokeStatic(core.clj:185)","compojure.core$routing.doInvoke(core.clj:182)","clojure.lang.RestFn.applyTo(RestFn.java:142)","clojure.core$apply.invokeStatic(core.clj:669)","clojure.core$apply.invoke(core.clj:662)","compojure.core$routes$fn__37040.invoke(core.clj:192)","compojure.core$routing$fn__37036.invoke(core.clj:185)","clojure.core$some.invokeStatic(core.clj:2722)","clojure.core$some.invoke(core.clj:2713)","compojure.core$routing.invokeStatic(core.clj:185)","compojure.core$routing.doInvoke(core.clj:182)","clojure.lang.RestFn.applyTo(RestFn.java:142)","clojure.core$apply.invokeStatic(core.clj:669)","clojure.core$apply.invoke(core.clj:662)","compojure.core$routes$fn__37040.invoke(core.clj:192)","compojure.core$wrap_routes$fn__37091.invoke(core.clj:348)","cayenne.api.route$wrap_async$fn__42564.invoke(route.clj:308)","ring.middleware.keyword_params$wrap_keyword_params$fn__42065.invoke(keyword_params.clj:55)","ring.middleware.nested_params$wrap_nested_params$fn__42115.invoke(nested_params.clj:91)","ring.middleware.params$wrap_params$fn__42029.invoke(params.clj:69)","cayenne.api.route$wrap_cors$fn__42524.invoke(route.clj:161)","cayenne.api.route$wrap_heartbeat$fn__42569.invoke(route.clj:334)","cayenne.api.conneg$wrap_accept$fn__20855.invoke(conneg.clj:53)","cayenne.api.route$wrap_exception_handler$fn__42539.invoke(route.clj:216)","cayenne.api.route$wrap_ignore_trailing_slash$fn__42542.invoke(route.clj:224)","ring.middleware.gzip$wrap_gzip$fn__41694.invoke(gzip.clj:102)","ring.logger$wrap_log_request_start$fn__41633.invoke(logger.clj:101)","ring.logger$wrap_log_response$fn__41646.invoke(logger.clj:175)","cayenne.api.route$wrap_raise$fn__42574.invoke(route.clj:339)","cayenne.metrics$wrap_trace_events$fn__25799.invoke(metrics.clj:84)","ring.adapter.jetty$async_proxy_handler$fn__41835.invoke(jetty.clj:59)","ring.adapter.jetty.proxy$org.eclipse.jetty.server.handler.AbstractHandler$ff19274a.handle(Unknown Source)","org.eclipse.jetty.server.handler.HandlerWrapper.handle(HandlerWrapper.java:127)","org.eclipse.jetty.server.Server.handle(Server.java:516)","org.eclipse.jetty.server.HttpChannel.lambda$handle$1(HttpChannel.java:388)","org.eclipse.jetty.server.HttpChannel.dispatch(HttpChannel.java:633)","org.eclipse.jetty.server.HttpChannel.handle(HttpChannel.java:380)","org.eclipse.jetty.server.HttpConnection.onFillable(HttpConnection.java:277)","org.eclipse.jetty.io.AbstractConnection$ReadCallback.succeeded(AbstractConnection.java:311)","org.eclipse.jetty.io.FillInterest.fillable(FillInterest.java:105)","org.eclipse.jetty.io.ChannelEndPoint$1.run(ChannelEndPoint.java:104)","org.eclipse.jetty.util.thread.strategy.EatWhatYouKill.runTask(EatWhatYouKill.java:336)","org.eclipse.jetty.util.thread.strategy.EatWhatYouKill.doProduce(EatWhatYouKill.java:313)","org.eclipse.jetty.util.thread.strategy.EatWhatYouKill.tryProduce(EatWhatYouKill.java:171)","org.eclipse.jetty.util.thread.strategy.EatWhatYouKill.run(EatWhatYouKill.java:129)","org.eclipse.jetty.util.thread.ReservedThreadExecutor$ReservedThread.run(ReservedThreadExecutor.java:383)","org.eclipse.jetty.util.thread.QueuedThreadPool.runJob(QueuedThreadPool.java:882)","org.eclipse.jetty.util.thread.QueuedThreadPool$Runner.run(QueuedThreadPool.java:1036)","java.base\/java.lang.Thread.run(Unknown Source)"],"cause":null}}
    [NOT FOUND] Keeping original data (no abstract)

[26/83]  Enriching: How private foundations and governments helped build theoretical neuro...
    Trying Europe PMC (title search)...
    [SKIP] Title similarity too low (0.00)
    Trying Europe PMC (DOI: 10.1016/j.neuron.2026.09.003...)
[INFO] No results found for DOI: 10.1016/j.neuron.2026.09.003
    Trying preprint servers...
API Error 500: {"status":"error","message-type":"exception","message-version":"1.0.0","message":{"name":"class java.util.concurrent.CancellationException","description":"java.util.concurrent.CancellationException: Request execution cancelled","message":"Request execution cancelled","stack":["org.apache.http.impl.nio.client.CloseableHttpAsyncClientBase.execute(CloseableHttpAsyncClientBase.java:114)","org.apache.http.impl.nio.client.InternalHttpAsyncClient.execute(InternalHttpAsyncClient.java:138)","org.elasticsearch.client.RestClient.lambda$performRequestAsync$0(RestClient.java:393)","org.elasticsearch.client.Cancellable$RequestCancellable.runIfNotCancelled(Cancellable.java:90)","org.elasticsearch.client.RestClient.performRequestAsync(RestClient.java:391)","org.elasticsearch.client.RestClient.performRequestAsync(RestClient.java:378)","qbits.spandex$request_async.invokeStatic(spandex.clj:321)","qbits.spandex$request_async.invoke(spandex.clj:306)","qbits.spandex$request_chan$fn__15375.invoke(spandex.clj:338)","qbits.spandex$request_chan.invokeStatic(spandex.clj:337)","qbits.spandex$request_chan.invoke(spandex.clj:330)","cayenne.data.work$fetch_data_async.invokeStatic(work.clj:90)","cayenne.data.work$fetch_data_async.doInvoke(work.clj:84)","clojure.lang.RestFn.invoke(RestFn.java:467)","cayenne.data.work$fetch_async.invokeStatic(work.clj:247)","cayenne.data.work$fetch_async.doInvoke(work.clj:243)","clojure.lang.RestFn.invoke(RestFn.java:428)","cayenne.api.v1.routes$works_resource$fn__37129.invoke(routes.clj:135)","liberator.core$run_handler.invokeStatic(core.clj:176)","liberator.core$run_handler.invoke(core.clj:131)","liberator.core$handle_ok.invokeStatic(core.clj:224)","liberator.core$handle_ok.invoke(core.clj:224)","liberator.core$decide.invokeStatic(core.clj:87)","liberator.core$decide.invoke(core.clj:74)","liberator.core$multiple_representations_QMARK_.invokeStatic(core.clj:232)","liberator.core$multiple_representations_QMARK_.invoke(core.clj:232)","liberator.core$decide.invokeStatic(core.clj:87)","liberator.core$decide.invoke(core.clj:74)","liberator.core$put_to_existing_QMARK_.invokeStatic(core.clj:305)","liberator.core$put_to_existing_QMARK_.invoke(core.clj:305)","liberator.core$decide.invokeStatic(core.clj:87)","liberator.core$decide.invoke(core.clj:74)","liberator.core$post_to_existing_QMARK_.invokeStatic(core.clj:308)","liberator.core$post_to_existing_QMARK_.invoke(core.clj:308)","liberator.core$decide.invokeStatic(core.clj:87)","liberator.core$decide.invoke(core.clj:74)","liberator.core$method_patch_QMARK_.invokeStatic(core.clj:315)","liberator.core$method_patch_QMARK_.invoke(core.clj:315)","liberator.core$decide.invokeStatic(core.clj:87)","liberator.core$decide.invoke(core.clj:74)","liberator.core$method_delete_QMARK_.invokeStatic(core.clj:317)","liberator.core$method_delete_QMARK_.invoke(core.clj:317)","liberator.core$decide.invokeStatic(core.clj:87)","liberator.core$decide.invoke(core.clj:74)","liberator.core$if_modified_since_exists_QMARK_.invokeStatic(core.clj:337)","liberator.core$if_modified_since_exists_QMARK_.invoke(core.clj:337)","liberator.core$decide.invokeStatic(core.clj:87)","liberator.core$decide.invoke(core.clj:74)","liberator.core$if_none_match_exists_QMARK_.invokeStatic(core.clj:355)","liberator.core$if_none_match_exists_QMARK_.invoke(core.clj:355)","liberator.core$decide.invokeStatic(core.clj:87)","liberator.core$decide.invoke(core.clj:74)","liberator.core$if_unmodified_since_exists_QMARK_.invokeStatic(core.clj:375)","liberator.core$if_unmodified_since_exists_QMARK_.invoke(core.clj:375)","liberator.core$decide.invokeStatic(core.clj:87)","liberator.core$decide.invoke(core.clj:74)","liberator.core$if_match_exists_QMARK_.invokeStatic(core.clj:389)","liberator.core$if_match_exists_QMARK_.invoke(core.clj:389)","liberator.core$decide.invokeStatic(core.clj:87)","liberator.core$decide.invoke(core.clj:74)","liberator.core$exists_QMARK_.invokeStatic(core.clj:392)","liberator.core$exists_QMARK_.invoke(core.clj:392)","liberator.core$decide.invokeStatic(core.clj:87)","liberator.core$decide.invoke(core.clj:74)","liberator.core$processable_QMARK_.invokeStatic(core.clj:395)","liberator.core$processable_QMARK_.invoke(core.clj:395)","liberator.core$decide.invokeStatic(core.clj:87)","liberator.core$decide.invoke(core.clj:74)","liberator.core$encoding_available_QMARK_.invokeStatic(core.clj:399)","liberator.core$encoding_available_QMARK_.invoke(core.clj:399)","liberator.core$decide.invokeStatic(core.clj:87)","liberator.core$decide.invoke(core.clj:74)","liberator.core$accept_encoding_exists_QMARK_.invokeStatic(core.clj:416)","liberator.core$accept_encoding_exists_QMARK_.invoke(core.clj:416)","liberator.core$decide.invokeStatic(core.clj:87)","liberator.core$decide.invoke(core.clj:74)","liberator.core$accept_charset_exists_QMARK_.invokeStatic(core.clj:429)","liberator.core$accept_charset_exists_QMARK_.invoke(core.clj:429)","liberator.core$decide.invokeStatic(core.clj:87)","liberator.core$decide.invoke(core.clj:74)","liberator.core$accept_language_exists_QMARK_.invokeStatic(core.clj:443)","liberator.core$accept_language_exists_QMARK_.invoke(core.clj:443)","liberator.core$decide.invokeStatic(core.clj:87)","liberator.core$decide.invoke(core.clj:74)","liberator.core$media_type_available_QMARK_.invokeStatic(core.clj:453)","liberator.core$media_type_available_QMARK_.invoke(core.clj:453)","liberator.core$decide.invokeStatic(core.clj:87)","liberator.core$decide.invoke(core.clj:74)","liberator.core$accept_exists_QMARK_.invokeStatic(core.clj:456)","liberator.core$accept_exists_QMARK_.invoke(core.clj:456)","liberator.core$decide.invokeStatic(core.clj:87)","liberator.core$decide.invoke(core.clj:74)","liberator.core$is_options_QMARK_.invokeStatic(core.clj:473)","liberator.core$is_options_QMARK_.invoke(core.clj:473)","liberator.core$decide.invokeStatic(core.clj:87)","liberator.core$decide.invoke(core.clj:74)","liberator.core$valid_entity_length_QMARK_.invokeStatic(core.clj:476)","liberator.core$valid_entity_length_QMARK_.invoke(core.clj:476)","liberator.core$decide.invokeStatic(core.clj:87)","liberator.core$decide.invoke(core.clj:74)","liberator.core$known_content_type_QMARK_.invokeStatic(core.clj:479)","liberator.core$known_content_type_QMARK_.invoke(core.clj:479)","liberator.core$decide.invokeStatic(core.clj:87)","liberator.core$decide.invoke(core.clj:74)","liberator.core$valid_content_header_QMARK_.invokeStatic(core.clj:481)","liberator.core$valid_content_header_QMARK_.invoke(core.clj:481)","liberator.core$decide.invokeStatic(core.clj:87)","liberator.core$decide.invoke(core.clj:74)","liberator.core$allowed_QMARK_.invokeStatic(core.clj:484)","liberator.core$allowed_QMARK_.invoke(core.clj:484)","liberator.core$decide.invokeStatic(core.clj:87)","liberator.core$decide.invoke(core.clj:74)","liberator.core$authorized_QMARK_.invokeStatic(core.clj:487)","liberator.core$authorized_QMARK_.invoke(core.clj:487)","liberator.core$decide.invokeStatic(core.clj:87)","liberator.core$decide.invoke(core.clj:74)","liberator.core$malformed_QMARK_.invokeStatic(core.clj:490)","liberator.core$malformed_QMARK_.invoke(core.clj:490)","liberator.core$decide.invokeStatic(core.clj:87)","liberator.core$decide.invoke(core.clj:74)","liberator.core$method_allowed_QMARK_.invokeStatic(core.clj:493)","liberator.core$method_allowed_QMARK_.invoke(core.clj:493)","liberator.core$decide.invokeStatic(core.clj:87)","liberator.core$decide.invoke(core.clj:74)","liberator.core$uri_too_long_QMARK_.invokeStatic(core.clj:496)","liberator.core$uri_too_long_QMARK_.invoke(core.clj:496)","liberator.core$decide.invokeStatic(core.clj:87)","liberator.core$decide.invoke(core.clj:74)","liberator.core$known_method_QMARK_.invokeStatic(core.clj:499)","liberator.core$known_method_QMARK_.invoke(core.clj:499)","liberator.core$decide.invokeStatic(core.clj:87)","liberator.core$decide.invoke(core.clj:74)","liberator.core$service_available_QMARK_.invokeStatic(core.clj:502)","liberator.core$service_available_QMARK_.invoke(core.clj:502)","liberator.core$decide.invokeStatic(core.clj:87)","liberator.core$decide.invoke(core.clj:74)","liberator.core$initialize_context.invokeStatic(core.clj:504)","liberator.core$initialize_context.invoke(core.clj:504)","liberator.core$run_resource.invokeStatic(core.clj:595)","liberator.core$run_resource.invoke(core.clj:593)","cayenne.api.v1.routes$works_resource.invokeStatic(routes.clj:122)","cayenne.api.v1.routes$works_resource.invoke(routes.clj:122)","compojure.response$fn__36600.invokeStatic(response.clj:47)","compojure.response$fn__36600.invoke(response.clj:35)","compojure.response$fn__36550$G__36545__36557.invoke(response.clj:7)","compojure.core$wrap_response$fn__37028.invoke(core.clj:158)","compojure.core$pre_init$fn__37079.invoke(core.clj:328)","cayenne.api.auth.apikey$wrap_auth_when_enabled$fn__19032.invoke(apikey.clj:69)","compojure.core$pre_init$fn__37081$fn__37084.invoke(core.clj:335)","compojure.core$wrap_route_middleware$fn__37012.invoke(core.clj:127)","compojure.core$wrap_route_info$fn__37017.invoke(core.clj:137)","compojure.core$wrap_route_matches$fn__37021.invoke(core.clj:146)","compojure.core$routing$fn__37036.invoke(core.clj:185)","clojure.core$some.invokeStatic(core.clj:2722)","clojure.core$some.invoke(core.clj:2713)","compojure.core$routing.invokeStatic(core.clj:185)","compojure.core$routing.doInvoke(core.clj:182)","clojure.lang.RestFn.applyTo(RestFn.java:142)","clojure.core$apply.invokeStatic(core.clj:669)","clojure.core$apply.invoke(core.clj:662)","compojure.core$routes$fn__37040.invoke(core.clj:192)","compojure.core$routing$fn__37036.invoke(core.clj:185)","clojure.core$some.invokeStatic(core.clj:2722)","clojure.core$some.invoke(core.clj:2713)","compojure.core$routing.invokeStatic(core.clj:185)","compojure.core$routing.doInvoke(core.clj:182)","clojure.lang.RestFn.applyTo(RestFn.java:142)","clojure.core$apply.invokeStatic(core.clj:669)","clojure.core$apply.invoke(core.clj:662)","compojure.core$routes$fn__37040.invoke(core.clj:192)","compojure.core$routing$fn__37036.invoke(core.clj:185)","clojure.core$some.invokeStatic(core.clj:2722)","clojure.core$some.invoke(core.clj:2713)","compojure.core$routing.invokeStatic(core.clj:185)","compojure.core$routing.doInvoke(core.clj:182)","clojure.lang.RestFn.applyTo(RestFn.java:142)","clojure.core$apply.invokeStatic(core.clj:669)","clojure.core$apply.invoke(core.clj:662)","compojure.core$routes$fn__37040.invoke(core.clj:192)","compojure.core$wrap_routes$fn__37091.invoke(core.clj:348)","cayenne.api.route$wrap_async$fn__42564.invoke(route.clj:308)","ring.middleware.keyword_params$wrap_keyword_params$fn__42065.invoke(keyword_params.clj:55)","ring.middleware.nested_params$wrap_nested_params$fn__42115.invoke(nested_params.clj:91)","ring.middleware.params$wrap_params$fn__42029.invoke(params.clj:69)","cayenne.api.route$wrap_cors$fn__42524.invoke(route.clj:161)","cayenne.api.route$wrap_heartbeat$fn__42569.invoke(route.clj:334)","cayenne.api.conneg$wrap_accept$fn__20855.invoke(conneg.clj:53)","cayenne.api.route$wrap_exception_handler$fn__42539.invoke(route.clj:216)","cayenne.api.route$wrap_ignore_trailing_slash$fn__42542.invoke(route.clj:224)","ring.middleware.gzip$wrap_gzip$fn__41694.invoke(gzip.clj:102)","ring.logger$wrap_log_request_start$fn__41633.invoke(logger.clj:101)","ring.logger$wrap_log_response$fn__41646.invoke(logger.clj:175)","cayenne.api.route$wrap_raise$fn__42574.invoke(route.clj:339)","cayenne.metrics$wrap_trace_events$fn__25799.invoke(metrics.clj:84)","ring.adapter.jetty$async_proxy_handler$fn__41835.invoke(jetty.clj:59)","ring.adapter.jetty.proxy$org.eclipse.jetty.server.handler.AbstractHandler$ff19274a.handle(Unknown Source)","org.eclipse.jetty.server.handler.HandlerWrapper.handle(HandlerWrapper.java:127)","org.eclipse.jetty.server.Server.handle(Server.java:516)","org.eclipse.jetty.server.HttpChannel.lambda$handle$1(HttpChannel.java:388)","org.eclipse.jetty.server.HttpChannel.dispatch(HttpChannel.java:633)","org.eclipse.jetty.server.HttpChannel.handle(HttpChannel.java:380)","org.eclipse.jetty.server.HttpConnection.onFillable(HttpConnection.java:277)","org.eclipse.jetty.io.AbstractConnection$ReadCallback.succeeded(AbstractConnection.java:311)","org.eclipse.jetty.io.FillInterest.fillable(FillInterest.java:105)","org.eclipse.jetty.io.ChannelEndPoint$1.run(ChannelEndPoint.java:104)","org.eclipse.jetty.util.thread.QueuedThreadPool.runJob(QueuedThreadPool.java:882)","org.eclipse.jetty.util.thread.QueuedThreadPool$Runner.run(QueuedThreadPool.java:1036)","java.base\/java.lang.Thread.run(Unknown Source)"],"cause":null}}
    [NOT FOUND] Keeping original data (no abstract)

[27/83]  Enriching: Have grand theories of consciousness earned their keep?...
    Trying Europe PMC (title search)...
    [SKIP] Title similarity too low (0.00)
    Trying Europe PMC (DOI: 10.1016/j.neuron.2026.08.020...)
[INFO] No results found for DOI: 10.1016/j.neuron.2026.08.020
    Trying preprint servers...
    [NOT FOUND] Keeping original data (no abstract)

[28/83]  Enriching: Toward a shared infrastructure for preclinical discovery: Why animal m...
    Trying Europe PMC (title search)...
    [OK] Found in Europe PMC by title (similarity: 1.00)

[29/83]  Enriching: Circuit mechanisms of psychotic symptoms across disorders....
    Trying Europe PMC (title search)...
    [OK] Found in Europe PMC by title (similarity: 1.00)

[30/83]  Enriching: Lateral hypothalamic control of the striatal dopamine landscape during...
    Trying Europe PMC (title search)...
    [OK] Found in Europe PMC by title (similarity: 1.00)

[31/83]  Enriching: Two prefrontal-subcortical circuits estimate controllability and refle...
    Trying Europe PMC (title search)...
    [OK] Found in Europe PMC by title (similarity: 1.00)

[32/83]  Enriching: A TMEM119-tankyrase axis restrains microglial phagocytosis to maintain...
    Trying Europe PMC (title search)...
    [OK] Found in Europe PMC by title (similarity: 1.00)

[33/83]  Enriching: Autism-associated SCN2A deficiency disrupts cortico-striatal circuitry...
    Trying Europe PMC (title search)...
    [OK] Found in Europe PMC by title (similarity: 1.00)

[34/83]  Enriching: Purinergic receptor activation rectifies autism-associated endothelial...
    Trying Europe PMC (title search)...
    [OK] Found in Europe PMC by title (similarity: 1.00)

[35/83]  Enriching: OpenFISH enables same-section spatial transcriptomics and MALDI-MSI in...
    Trying Europe PMC (title search)...
    [OK] Found in Europe PMC by title (similarity: 1.00)

[36/83]  Enriching: Time-resolved spectral parameterization: Recommendations and guideline...
    Trying Europe PMC (title search)...
    [OK] Found in Europe PMC by title (similarity: 1.00)

[37/83]  Enriching: An African ancestry-enriched H1 sub-haplotype challenges MAPT haplotyp...
    Trying Europe PMC (title search)...
    [OK] Found in Europe PMC by title (similarity: 1.00)

[38/83]  Enriching: Cervical lymphadenectomy impairs brain lymphatic clearance and synapti...
    Trying Europe PMC (title search)...
    [OK] Found in Europe PMC by title (similarity: 1.00)

[39/83]  Enriching: Peripheral CXCR3 blockade mitigates T cell infiltration and neurodegen...
    Trying Europe PMC (title search)...
    [OK] Found in Europe PMC by title (similarity: 1.00)

[40/83]  Enriching: A molecular and spinal circuit basis for the functional segregation of...
    Trying Europe PMC (title search)...
    [OK] Found in Europe PMC by title (similarity: 1.00)

[41/83]  Enriching: Exponentiated gradient learning yields brain-like synaptic distributio...
    Trying Europe PMC (title search)...
    [OK] Found in Europe PMC by title (similarity: 1.00)

[42/83]  Enriching: A microglial SPP1-ITGB1 feedback loop sustains thalamic hyperexcitabil...
    Trying Europe PMC (title search)...
    [OK] Found in Europe PMC by title (similarity: 1.00)

[43/83]  Enriching: Hippocampal representations of alternative possibilities are flexibly ...
    Trying Europe PMC (title search)...
    [OK] Found in Europe PMC by title (similarity: 1.00)

[44/83]  Enriching: A basolateral amygdala to dorsolateral striatum projection modulates s...
    Trying Europe PMC (title search)...
    [OK] Found in Europe PMC by title (similarity: 1.00)

[45/83]  Enriching: A hypothalamic neuronal population coordinates metabolic adaptations t...
    Trying Europe PMC (title search)...
    [OK] Found in Europe PMC by title (similarity: 1.00)

[46/83]  Enriching: Mosasaur tail morphology reveals burst swimming performance and ecolog...
    Trying Europe PMC (title search)...
    Trying Europe PMC (DOI: 10.1016/j.cub.2026.09.036...)
[INFO] No results found for DOI: 10.1016/j.cub.2026.09.036
    Trying preprint servers...
    [NOT FOUND] Keeping original data (no abstract)

[47/83]  Enriching: Endosome motility controls light-responsive reproductive development a...
    Trying Europe PMC (title search)...
    [OK] Found in Europe PMC by title (similarity: 0.86)

[48/83]  Enriching: Miniaturization of duckweeds occurred through compression of the angio...
    Trying Europe PMC (title search)...
    Trying Europe PMC (DOI: 10.1016/j.cub.2026.09.035...)
[INFO] No results found for DOI: 10.1016/j.cub.2026.09.035
    Trying preprint servers...
API Error 500: {"status":"error","message-type":"exception","message-version":"1.0.0","message":{"name":"class java.util.concurrent.CancellationException","description":"java.util.concurrent.CancellationException: Request execution cancelled","message":"Request execution cancelled","stack":["org.apache.http.impl.nio.client.CloseableHttpAsyncClientBase.execute(CloseableHttpAsyncClientBase.java:114)","org.apache.http.impl.nio.client.InternalHttpAsyncClient.execute(InternalHttpAsyncClient.java:138)","org.elasticsearch.client.RestClient.lambda$performRequestAsync$0(RestClient.java:393)","org.elasticsearch.client.Cancellable$RequestCancellable.runIfNotCancelled(Cancellable.java:90)","org.elasticsearch.client.RestClient.performRequestAsync(RestClient.java:391)","org.elasticsearch.client.RestClient.performRequestAsync(RestClient.java:378)","qbits.spandex$request_async.invokeStatic(spandex.clj:321)","qbits.spandex$request_async.invoke(spandex.clj:306)","qbits.spandex$request_chan$fn__15375.invoke(spandex.clj:338)","qbits.spandex$request_chan.invokeStatic(spandex.clj:337)","qbits.spandex$request_chan.invoke(spandex.clj:330)","cayenne.data.work$fetch_data_async.invokeStatic(work.clj:90)","cayenne.data.work$fetch_data_async.doInvoke(work.clj:84)","clojure.lang.RestFn.invoke(RestFn.java:467)","cayenne.data.work$fetch_async.invokeStatic(work.clj:247)","cayenne.data.work$fetch_async.doInvoke(work.clj:243)","clojure.lang.RestFn.invoke(RestFn.java:428)","cayenne.api.v1.routes$works_resource$fn__37129.invoke(routes.clj:135)","liberator.core$run_handler.invokeStatic(core.clj:176)","liberator.core$run_handler.invoke(core.clj:131)","liberator.core$handle_ok.invokeStatic(core.clj:224)","liberator.core$handle_ok.invoke(core.clj:224)","liberator.core$decide.invokeStatic(core.clj:87)","liberator.core$decide.invoke(core.clj:74)","liberator.core$multiple_representations_QMARK_.invokeStatic(core.clj:232)","liberator.core$multiple_representations_QMARK_.invoke(core.clj:232)","liberator.core$decide.invokeStatic(core.clj:87)","liberator.core$decide.invoke(core.clj:74)","liberator.core$put_to_existing_QMARK_.invokeStatic(core.clj:305)","liberator.core$put_to_existing_QMARK_.invoke(core.clj:305)","liberator.core$decide.invokeStatic(core.clj:87)","liberator.core$decide.invoke(core.clj:74)","liberator.core$post_to_existing_QMARK_.invokeStatic(core.clj:308)","liberator.core$post_to_existing_QMARK_.invoke(core.clj:308)","liberator.core$decide.invokeStatic(core.clj:87)","liberator.core$decide.invoke(core.clj:74)","liberator.core$method_patch_QMARK_.invokeStatic(core.clj:315)","liberator.core$method_patch_QMARK_.invoke(core.clj:315)","liberator.core$decide.invokeStatic(core.clj:87)","liberator.core$decide.invoke(core.clj:74)","liberator.core$method_delete_QMARK_.invokeStatic(core.clj:317)","liberator.core$method_delete_QMARK_.invoke(core.clj:317)","liberator.core$decide.invokeStatic(core.clj:87)","liberator.core$decide.invoke(core.clj:74)","liberator.core$if_modified_since_exists_QMARK_.invokeStatic(core.clj:337)","liberator.core$if_modified_since_exists_QMARK_.invoke(core.clj:337)","liberator.core$decide.invokeStatic(core.clj:87)","liberator.core$decide.invoke(core.clj:74)","liberator.core$if_none_match_exists_QMARK_.invokeStatic(core.clj:355)","liberator.core$if_none_match_exists_QMARK_.invoke(core.clj:355)","liberator.core$decide.invokeStatic(core.clj:87)","liberator.core$decide.invoke(core.clj:74)","liberator.core$if_unmodified_since_exists_QMARK_.invokeStatic(core.clj:375)","liberator.core$if_unmodified_since_exists_QMARK_.invoke(core.clj:375)","liberator.core$decide.invokeStatic(core.clj:87)","liberator.core$decide.invoke(core.clj:74)","liberator.core$if_match_exists_QMARK_.invokeStatic(core.clj:389)","liberator.core$if_match_exists_QMARK_.invoke(core.clj:389)","liberator.core$decide.invokeStatic(core.clj:87)","liberator.core$decide.invoke(core.clj:74)","liberator.core$exists_QMARK_.invokeStatic(core.clj:392)","liberator.core$exists_QMARK_.invoke(core.clj:392)","liberator.core$decide.invokeStatic(core.clj:87)","liberator.core$decide.invoke(core.clj:74)","liberator.core$processable_QMARK_.invokeStatic(core.clj:395)","liberator.core$processable_QMARK_.invoke(core.clj:395)","liberator.core$decide.invokeStatic(core.clj:87)","liberator.core$decide.invoke(core.clj:74)","liberator.core$encoding_available_QMARK_.invokeStatic(core.clj:399)","liberator.core$encoding_available_QMARK_.invoke(core.clj:399)","liberator.core$decide.invokeStatic(core.clj:87)","liberator.core$decide.invoke(core.clj:74)","liberator.core$accept_encoding_exists_QMARK_.invokeStatic(core.clj:416)","liberator.core$accept_encoding_exists_QMARK_.invoke(core.clj:416)","liberator.core$decide.invokeStatic(core.clj:87)","liberator.core$decide.invoke(core.clj:74)","liberator.core$accept_charset_exists_QMARK_.invokeStatic(core.clj:429)","liberator.core$accept_charset_exists_QMARK_.invoke(core.clj:429)","liberator.core$decide.invokeStatic(core.clj:87)","liberator.core$decide.invoke(core.clj:74)","liberator.core$accept_language_exists_QMARK_.invokeStatic(core.clj:443)","liberator.core$accept_language_exists_QMARK_.invoke(core.clj:443)","liberator.core$decide.invokeStatic(core.clj:87)","liberator.core$decide.invoke(core.clj:74)","liberator.core$media_type_available_QMARK_.invokeStatic(core.clj:453)","liberator.core$media_type_available_QMARK_.invoke(core.clj:453)","liberator.core$decide.invokeStatic(core.clj:87)","liberator.core$decide.invoke(core.clj:74)","liberator.core$accept_exists_QMARK_.invokeStatic(core.clj:456)","liberator.core$accept_exists_QMARK_.invoke(core.clj:456)","liberator.core$decide.invokeStatic(core.clj:87)","liberator.core$decide.invoke(core.clj:74)","liberator.core$is_options_QMARK_.invokeStatic(core.clj:473)","liberator.core$is_options_QMARK_.invoke(core.clj:473)","liberator.core$decide.invokeStatic(core.clj:87)","liberator.core$decide.invoke(core.clj:74)","liberator.core$valid_entity_length_QMARK_.invokeStatic(core.clj:476)","liberator.core$valid_entity_length_QMARK_.invoke(core.clj:476)","liberator.core$decide.invokeStatic(core.clj:87)","liberator.core$decide.invoke(core.clj:74)","liberator.core$known_content_type_QMARK_.invokeStatic(core.clj:479)","liberator.core$known_content_type_QMARK_.invoke(core.clj:479)","liberator.core$decide.invokeStatic(core.clj:87)","liberator.core$decide.invoke(core.clj:74)","liberator.core$valid_content_header_QMARK_.invokeStatic(core.clj:481)","liberator.core$valid_content_header_QMARK_.invoke(core.clj:481)","liberator.core$decide.invokeStatic(core.clj:87)","liberator.core$decide.invoke(core.clj:74)","liberator.core$allowed_QMARK_.invokeStatic(core.clj:484)","liberator.core$allowed_QMARK_.invoke(core.clj:484)","liberator.core$decide.invokeStatic(core.clj:87)","liberator.core$decide.invoke(core.clj:74)","liberator.core$authorized_QMARK_.invokeStatic(core.clj:487)","liberator.core$authorized_QMARK_.invoke(core.clj:487)","liberator.core$decide.invokeStatic(core.clj:87)","liberator.core$decide.invoke(core.clj:74)","liberator.core$malformed_QMARK_.invokeStatic(core.clj:490)","liberator.core$malformed_QMARK_.invoke(core.clj:490)","liberator.core$decide.invokeStatic(core.clj:87)","liberator.core$decide.invoke(core.clj:74)","liberator.core$method_allowed_QMARK_.invokeStatic(core.clj:493)","liberator.core$method_allowed_QMARK_.invoke(core.clj:493)","liberator.core$decide.invokeStatic(core.clj:87)","liberator.core$decide.invoke(core.clj:74)","liberator.core$uri_too_long_QMARK_.invokeStatic(core.clj:496)","liberator.core$uri_too_long_QMARK_.invoke(core.clj:496)","liberator.core$decide.invokeStatic(core.clj:87)","liberator.core$decide.invoke(core.clj:74)","liberator.core$known_method_QMARK_.invokeStatic(core.clj:499)","liberator.core$known_method_QMARK_.invoke(core.clj:499)","liberator.core$decide.invokeStatic(core.clj:87)","liberator.core$decide.invoke(core.clj:74)","liberator.core$service_available_QMARK_.invokeStatic(core.clj:502)","liberator.core$service_available_QMARK_.invoke(core.clj:502)","liberator.core$decide.invokeStatic(core.clj:87)","liberator.core$decide.invoke(core.clj:74)","liberator.core$initialize_context.invokeStatic(core.clj:504)","liberator.core$initialize_context.invoke(core.clj:504)","liberator.core$run_resource.invokeStatic(core.clj:595)","liberator.core$run_resource.invoke(core.clj:593)","cayenne.api.v1.routes$works_resource.invokeStatic(routes.clj:122)","cayenne.api.v1.routes$works_resource.invoke(routes.clj:122)","compojure.response$fn__36600.invokeStatic(response.clj:47)","compojure.response$fn__36600.invoke(response.clj:35)","compojure.response$fn__36550$G__36545__36557.invoke(response.clj:7)","compojure.core$wrap_response$fn__37028.invoke(core.clj:158)","compojure.core$pre_init$fn__37079.invoke(core.clj:328)","cayenne.api.auth.apikey$wrap_auth_when_enabled$fn__19032.invoke(apikey.clj:69)","compojure.core$pre_init$fn__37081$fn__37084.invoke(core.clj:335)","compojure.core$wrap_route_middleware$fn__37012.invoke(core.clj:127)","compojure.core$wrap_route_info$fn__37017.invoke(core.clj:137)","compojure.core$wrap_route_matches$fn__37021.invoke(core.clj:146)","compojure.core$routing$fn__37036.invoke(core.clj:185)","clojure.core$some.invokeStatic(core.clj:2722)","clojure.core$some.invoke(core.clj:2713)","compojure.core$routing.invokeStatic(core.clj:185)","compojure.core$routing.doInvoke(core.clj:182)","clojure.lang.RestFn.applyTo(RestFn.java:142)","clojure.core$apply.invokeStatic(core.clj:669)","clojure.core$apply.invoke(core.clj:662)","compojure.core$routes$fn__37040.invoke(core.clj:192)","compojure.core$routing$fn__37036.invoke(core.clj:185)","clojure.core$some.invokeStatic(core.clj:2722)","clojure.core$some.invoke(core.clj:2713)","compojure.core$routing.invokeStatic(core.clj:185)","compojure.core$routing.doInvoke(core.clj:182)","clojure.lang.RestFn.applyTo(RestFn.java:142)","clojure.core$apply.invokeStatic(core.clj:669)","clojure.core$apply.invoke(core.clj:662)","compojure.core$routes$fn__37040.invoke(core.clj:192)","compojure.core$routing$fn__37036.invoke(core.clj:185)","clojure.core$some.invokeStatic(core.clj:2722)","clojure.core$some.invoke(core.clj:2713)","compojure.core$routing.invokeStatic(core.clj:185)","compojure.core$routing.doInvoke(core.clj:182)","clojure.lang.RestFn.applyTo(RestFn.java:142)","clojure.core$apply.invokeStatic(core.clj:669)","clojure.core$apply.invoke(core.clj:662)","compojure.core$routes$fn__37040.invoke(core.clj:192)","compojure.core$wrap_routes$fn__37091.invoke(core.clj:348)","cayenne.api.route$wrap_async$fn__42564.invoke(route.clj:308)","ring.middleware.keyword_params$wrap_keyword_params$fn__42065.invoke(keyword_params.clj:55)","ring.middleware.nested_params$wrap_nested_params$fn__42115.invoke(nested_params.clj:91)","ring.middleware.params$wrap_params$fn__42029.invoke(params.clj:69)","cayenne.api.route$wrap_cors$fn__42524.invoke(route.clj:161)","cayenne.api.route$wrap_heartbeat$fn__42569.invoke(route.clj:334)","cayenne.api.conneg$wrap_accept$fn__20855.invoke(conneg.clj:53)","cayenne.api.route$wrap_exception_handler$fn__42539.invoke(route.clj:216)","cayenne.api.route$wrap_ignore_trailing_slash$fn__42542.invoke(route.clj:224)","ring.middleware.gzip$wrap_gzip$fn__41694.invoke(gzip.clj:102)","ring.logger$wrap_log_request_start$fn__41633.invoke(logger.clj:101)","ring.logger$wrap_log_response$fn__41646.invoke(logger.clj:175)","cayenne.api.route$wrap_raise$fn__42574.invoke(route.clj:339)","cayenne.metrics$wrap_trace_events$fn__25799.invoke(metrics.clj:84)","ring.adapter.jetty$async_proxy_handler$fn__41835.invoke(jetty.clj:59)","ring.adapter.jetty.proxy$org.eclipse.jetty.server.handler.AbstractHandler$ff19274a.handle(Unknown Source)","org.eclipse.jetty.server.handler.HandlerWrapper.handle(HandlerWrapper.java:127)","org.eclipse.jetty.server.Server.handle(Server.java:516)","org.eclipse.jetty.server.HttpChannel.lambda$handle$1(HttpChannel.java:388)","org.eclipse.jetty.server.HttpChannel.dispatch(HttpChannel.java:633)","org.eclipse.jetty.server.HttpChannel.handle(HttpChannel.java:380)","org.eclipse.jetty.server.HttpConnection.onFillable(HttpConnection.java:277)","org.eclipse.jetty.io.AbstractConnection$ReadCallback.succeeded(AbstractConnection.java:311)","org.eclipse.jetty.io.FillInterest.fillable(FillInterest.java:105)","org.eclipse.jetty.io.ChannelEndPoint$1.run(ChannelEndPoint.java:104)","org.eclipse.jetty.util.thread.strategy.EatWhatYouKill.runTask(EatWhatYouKill.java:336)","org.eclipse.jetty.util.thread.strategy.EatWhatYouKill.doProduce(EatWhatYouKill.java:313)","org.eclipse.jetty.util.thread.strategy.EatWhatYouKill.tryProduce(EatWhatYouKill.java:171)","org.eclipse.jetty.util.thread.strategy.EatWhatYouKill.run(EatWhatYouKill.java:129)","org.eclipse.jetty.util.thread.ReservedThreadExecutor$ReservedThread.run(ReservedThreadExecutor.java:383)","org.eclipse.jetty.util.thread.QueuedThreadPool.runJob(QueuedThreadPool.java:882)","org.eclipse.jetty.util.thread.QueuedThreadPool$Runner.run(QueuedThreadPool.java:1036)","java.base\/java.lang.Thread.run(Unknown Source)"],"cause":null}}
    [NOT FOUND] Keeping original data (no abstract)

[49/83]  Enriching: Multiple evolutionary routes to cytoskeletal arborization revealed by ...
    Trying Europe PMC (title search)...
    [SKIP] Title similarity too low (0.73)
    Trying Europe PMC (DOI: 10.1016/j.cub.2026.09.032...)
[INFO] No results found for DOI: 10.1016/j.cub.2026.09.032
    Trying preprint servers...
    [NOT FOUND] Keeping original data (no abstract)

[50/83]  Enriching: Representation of fear memory features in the ventral hippocampus....
    Trying Europe PMC (title search)...
    [SKIP] Title similarity too low (0.16)
    Trying Europe PMC (DOI: 10.1016/j.cub.2026.09.034...)
[INFO] No results found for DOI: 10.1016/j.cub.2026.09.034
    Trying preprint servers...
    [NOT FOUND] Keeping original data (no abstract)

[51/83]  Enriching: Population declines and changes in community composition at the world'...
    Trying Europe PMC (title search)...
    [SKIP] Title similarity too low (0.00)
    Trying Europe PMC (DOI: 10.1016/j.cub.2026.09.010...)
[INFO] No results found for DOI: 10.1016/j.cub.2026.09.010
    Trying preprint servers...
API Error 500: {"status":"error","message-type":"exception","message-version":"1.0.0","message":{"name":"class java.util.concurrent.CancellationException","description":"java.util.concurrent.CancellationException: Request execution cancelled","message":"Request execution cancelled","stack":["org.apache.http.impl.nio.client.CloseableHttpAsyncClientBase.execute(CloseableHttpAsyncClientBase.java:114)","org.apache.http.impl.nio.client.InternalHttpAsyncClient.execute(InternalHttpAsyncClient.java:138)","org.elasticsearch.client.RestClient.lambda$performRequestAsync$0(RestClient.java:393)","org.elasticsearch.client.Cancellable$RequestCancellable.runIfNotCancelled(Cancellable.java:90)","org.elasticsearch.client.RestClient.performRequestAsync(RestClient.java:391)","org.elasticsearch.client.RestClient.performRequestAsync(RestClient.java:378)","qbits.spandex$request_async.invokeStatic(spandex.clj:321)","qbits.spandex$request_async.invoke(spandex.clj:306)","qbits.spandex$request_chan$fn__15375.invoke(spandex.clj:338)","qbits.spandex$request_chan.invokeStatic(spandex.clj:337)","qbits.spandex$request_chan.invoke(spandex.clj:330)","cayenne.data.work$fetch_data_async.invokeStatic(work.clj:90)","cayenne.data.work$fetch_data_async.doInvoke(work.clj:84)","clojure.lang.RestFn.invoke(RestFn.java:467)","cayenne.data.work$fetch_async.invokeStatic(work.clj:247)","cayenne.data.work$fetch_async.doInvoke(work.clj:243)","clojure.lang.RestFn.invoke(RestFn.java:428)","cayenne.api.v1.routes$works_resource$fn__37129.invoke(routes.clj:135)","liberator.core$run_handler.invokeStatic(core.clj:176)","liberator.core$run_handler.invoke(core.clj:131)","liberator.core$handle_ok.invokeStatic(core.clj:224)","liberator.core$handle_ok.invoke(core.clj:224)","liberator.core$decide.invokeStatic(core.clj:87)","liberator.core$decide.invoke(core.clj:74)","liberator.core$multiple_representations_QMARK_.invokeStatic(core.clj:232)","liberator.core$multiple_representations_QMARK_.invoke(core.clj:232)","liberator.core$decide.invokeStatic(core.clj:87)","liberator.core$decide.invoke(core.clj:74)","liberator.core$put_to_existing_QMARK_.invokeStatic(core.clj:305)","liberator.core$put_to_existing_QMARK_.invoke(core.clj:305)","liberator.core$decide.invokeStatic(core.clj:87)","liberator.core$decide.invoke(core.clj:74)","liberator.core$post_to_existing_QMARK_.invokeStatic(core.clj:308)","liberator.core$post_to_existing_QMARK_.invoke(core.clj:308)","liberator.core$decide.invokeStatic(core.clj:87)","liberator.core$decide.invoke(core.clj:74)","liberator.core$method_patch_QMARK_.invokeStatic(core.clj:315)","liberator.core$method_patch_QMARK_.invoke(core.clj:315)","liberator.core$decide.invokeStatic(core.clj:87)","liberator.core$decide.invoke(core.clj:74)","liberator.core$method_delete_QMARK_.invokeStatic(core.clj:317)","liberator.core$method_delete_QMARK_.invoke(core.clj:317)","liberator.core$decide.invokeStatic(core.clj:87)","liberator.core$decide.invoke(core.clj:74)","liberator.core$if_modified_since_exists_QMARK_.invokeStatic(core.clj:337)","liberator.core$if_modified_since_exists_QMARK_.invoke(core.clj:337)","liberator.core$decide.invokeStatic(core.clj:87)","liberator.core$decide.invoke(core.clj:74)","liberator.core$if_none_match_exists_QMARK_.invokeStatic(core.clj:355)","liberator.core$if_none_match_exists_QMARK_.invoke(core.clj:355)","liberator.core$decide.invokeStatic(core.clj:87)","liberator.core$decide.invoke(core.clj:74)","liberator.core$if_unmodified_since_exists_QMARK_.invokeStatic(core.clj:375)","liberator.core$if_unmodified_since_exists_QMARK_.invoke(core.clj:375)","liberator.core$decide.invokeStatic(core.clj:87)","liberator.core$decide.invoke(core.clj:74)","liberator.core$if_match_exists_QMARK_.invokeStatic(core.clj:389)","liberator.core$if_match_exists_QMARK_.invoke(core.clj:389)","liberator.core$decide.invokeStatic(core.clj:87)","liberator.core$decide.invoke(core.clj:74)","liberator.core$exists_QMARK_.invokeStatic(core.clj:392)","liberator.core$exists_QMARK_.invoke(core.clj:392)","liberator.core$decide.invokeStatic(core.clj:87)","liberator.core$decide.invoke(core.clj:74)","liberator.core$processable_QMARK_.invokeStatic(core.clj:395)","liberator.core$processable_QMARK_.invoke(core.clj:395)","liberator.core$decide.invokeStatic(core.clj:87)","liberator.core$decide.invoke(core.clj:74)","liberator.core$encoding_available_QMARK_.invokeStatic(core.clj:399)","liberator.core$encoding_available_QMARK_.invoke(core.clj:399)","liberator.core$decide.invokeStatic(core.clj:87)","liberator.core$decide.invoke(core.clj:74)","liberator.core$accept_encoding_exists_QMARK_.invokeStatic(core.clj:416)","liberator.core$accept_encoding_exists_QMARK_.invoke(core.clj:416)","liberator.core$decide.invokeStatic(core.clj:87)","liberator.core$decide.invoke(core.clj:74)","liberator.core$accept_charset_exists_QMARK_.invokeStatic(core.clj:429)","liberator.core$accept_charset_exists_QMARK_.invoke(core.clj:429)","liberator.core$decide.invokeStatic(core.clj:87)","liberator.core$decide.invoke(core.clj:74)","liberator.core$accept_language_exists_QMARK_.invokeStatic(core.clj:443)","liberator.core$accept_language_exists_QMARK_.invoke(core.clj:443)","liberator.core$decide.invokeStatic(core.clj:87)","liberator.core$decide.invoke(core.clj:74)","liberator.core$media_type_available_QMARK_.invokeStatic(core.clj:453)","liberator.core$media_type_available_QMARK_.invoke(core.clj:453)","liberator.core$decide.invokeStatic(core.clj:87)","liberator.core$decide.invoke(core.clj:74)","liberator.core$accept_exists_QMARK_.invokeStatic(core.clj:456)","liberator.core$accept_exists_QMARK_.invoke(core.clj:456)","liberator.core$decide.invokeStatic(core.clj:87)","liberator.core$decide.invoke(core.clj:74)","liberator.core$is_options_QMARK_.invokeStatic(core.clj:473)","liberator.core$is_options_QMARK_.invoke(core.clj:473)","liberator.core$decide.invokeStatic(core.clj:87)","liberator.core$decide.invoke(core.clj:74)","liberator.core$valid_entity_length_QMARK_.invokeStatic(core.clj:476)","liberator.core$valid_entity_length_QMARK_.invoke(core.clj:476)","liberator.core$decide.invokeStatic(core.clj:87)","liberator.core$decide.invoke(core.clj:74)","liberator.core$known_content_type_QMARK_.invokeStatic(core.clj:479)","liberator.core$known_content_type_QMARK_.invoke(core.clj:479)","liberator.core$decide.invokeStatic(core.clj:87)","liberator.core$decide.invoke(core.clj:74)","liberator.core$valid_content_header_QMARK_.invokeStatic(core.clj:481)","liberator.core$valid_content_header_QMARK_.invoke(core.clj:481)","liberator.core$decide.invokeStatic(core.clj:87)","liberator.core$decide.invoke(core.clj:74)","liberator.core$allowed_QMARK_.invokeStatic(core.clj:484)","liberator.core$allowed_QMARK_.invoke(core.clj:484)","liberator.core$decide.invokeStatic(core.clj:87)","liberator.core$decide.invoke(core.clj:74)","liberator.core$authorized_QMARK_.invokeStatic(core.clj:487)","liberator.core$authorized_QMARK_.invoke(core.clj:487)","liberator.core$decide.invokeStatic(core.clj:87)","liberator.core$decide.invoke(core.clj:74)","liberator.core$malformed_QMARK_.invokeStatic(core.clj:490)","liberator.core$malformed_QMARK_.invoke(core.clj:490)","liberator.core$decide.invokeStatic(core.clj:87)","liberator.core$decide.invoke(core.clj:74)","liberator.core$method_allowed_QMARK_.invokeStatic(core.clj:493)","liberator.core$method_allowed_QMARK_.invoke(core.clj:493)","liberator.core$decide.invokeStatic(core.clj:87)","liberator.core$decide.invoke(core.clj:74)","liberator.core$uri_too_long_QMARK_.invokeStatic(core.clj:496)","liberator.core$uri_too_long_QMARK_.invoke(core.clj:496)","liberator.core$decide.invokeStatic(core.clj:87)","liberator.core$decide.invoke(core.clj:74)","liberator.core$known_method_QMARK_.invokeStatic(core.clj:499)","liberator.core$known_method_QMARK_.invoke(core.clj:499)","liberator.core$decide.invokeStatic(core.clj:87)","liberator.core$decide.invoke(core.clj:74)","liberator.core$service_available_QMARK_.invokeStatic(core.clj:502)","liberator.core$service_available_QMARK_.invoke(core.clj:502)","liberator.core$decide.invokeStatic(core.clj:87)","liberator.core$decide.invoke(core.clj:74)","liberator.core$initialize_context.invokeStatic(core.clj:504)","liberator.core$initialize_context.invoke(core.clj:504)","liberator.core$run_resource.invokeStatic(core.clj:595)","liberator.core$run_resource.invoke(core.clj:593)","cayenne.api.v1.routes$works_resource.invokeStatic(routes.clj:122)","cayenne.api.v1.routes$works_resource.invoke(routes.clj:122)","compojure.response$fn__36600.invokeStatic(response.clj:47)","compojure.response$fn__36600.invoke(response.clj:35)","compojure.response$fn__36550$G__36545__36557.invoke(response.clj:7)","compojure.core$wrap_response$fn__37028.invoke(core.clj:158)","compojure.core$pre_init$fn__37079.invoke(core.clj:328)","cayenne.api.auth.apikey$wrap_auth_when_enabled$fn__19032.invoke(apikey.clj:69)","compojure.core$pre_init$fn__37081$fn__37084.invoke(core.clj:335)","compojure.core$wrap_route_middleware$fn__37012.invoke(core.clj:127)","compojure.core$wrap_route_info$fn__37017.invoke(core.clj:137)","compojure.core$wrap_route_matches$fn__37021.invoke(core.clj:146)","compojure.core$routing$fn__37036.invoke(core.clj:185)","clojure.core$some.invokeStatic(core.clj:2722)","clojure.core$some.invoke(core.clj:2713)","compojure.core$routing.invokeStatic(core.clj:185)","compojure.core$routing.doInvoke(core.clj:182)","clojure.lang.RestFn.applyTo(RestFn.java:142)","clojure.core$apply.invokeStatic(core.clj:669)","clojure.core$apply.invoke(core.clj:662)","compojure.core$routes$fn__37040.invoke(core.clj:192)","compojure.core$routing$fn__37036.invoke(core.clj:185)","clojure.core$some.invokeStatic(core.clj:2722)","clojure.core$some.invoke(core.clj:2713)","compojure.core$routing.invokeStatic(core.clj:185)","compojure.core$routing.doInvoke(core.clj:182)","clojure.lang.RestFn.applyTo(RestFn.java:142)","clojure.core$apply.invokeStatic(core.clj:669)","clojure.core$apply.invoke(core.clj:662)","compojure.core$routes$fn__37040.invoke(core.clj:192)","compojure.core$routing$fn__37036.invoke(core.clj:185)","clojure.core$some.invokeStatic(core.clj:2722)","clojure.core$some.invoke(core.clj:2713)","compojure.core$routing.invokeStatic(core.clj:185)","compojure.core$routing.doInvoke(core.clj:182)","clojure.lang.RestFn.applyTo(RestFn.java:142)","clojure.core$apply.invokeStatic(core.clj:669)","clojure.core$apply.invoke(core.clj:662)","compojure.core$routes$fn__37040.invoke(core.clj:192)","compojure.core$wrap_routes$fn__37091.invoke(core.clj:348)","cayenne.api.route$wrap_async$fn__42564.invoke(route.clj:308)","ring.middleware.keyword_params$wrap_keyword_params$fn__42065.invoke(keyword_params.clj:55)","ring.middleware.nested_params$wrap_nested_params$fn__42115.invoke(nested_params.clj:91)","ring.middleware.params$wrap_params$fn__42029.invoke(params.clj:69)","cayenne.api.route$wrap_cors$fn__42524.invoke(route.clj:161)","cayenne.api.route$wrap_heartbeat$fn__42569.invoke(route.clj:334)","cayenne.api.conneg$wrap_accept$fn__20855.invoke(conneg.clj:53)","cayenne.api.route$wrap_exception_handler$fn__42539.invoke(route.clj:216)","cayenne.api.route$wrap_ignore_trailing_slash$fn__42542.invoke(route.clj:224)","ring.middleware.gzip$wrap_gzip$fn__41694.invoke(gzip.clj:102)","ring.logger$wrap_log_request_start$fn__41633.invoke(logger.clj:101)","ring.logger$wrap_log_response$fn__41646.invoke(logger.clj:175)","cayenne.api.route$wrap_raise$fn__42574.invoke(route.clj:339)","cayenne.metrics$wrap_trace_events$fn__25799.invoke(metrics.clj:84)","ring.adapter.jetty$async_proxy_handler$fn__41835.invoke(jetty.clj:59)","ring.adapter.jetty.proxy$org.eclipse.jetty.server.handler.AbstractHandler$ff19274a.handle(Unknown Source)","org.eclipse.jetty.server.handler.HandlerWrapper.handle(HandlerWrapper.java:127)","org.eclipse.jetty.server.Server.handle(Server.java:516)","org.eclipse.jetty.server.HttpChannel.lambda$handle$1(HttpChannel.java:388)","org.eclipse.jetty.server.HttpChannel.dispatch(HttpChannel.java:633)","org.eclipse.jetty.server.HttpChannel.handle(HttpChannel.java:380)","org.eclipse.jetty.server.HttpConnection.onFillable(HttpConnection.java:277)","org.eclipse.jetty.io.AbstractConnection$ReadCallback.succeeded(AbstractConnection.java:311)","org.eclipse.jetty.io.FillInterest.fillable(FillInterest.java:105)","org.eclipse.jetty.io.ChannelEndPoint$1.run(ChannelEndPoint.java:104)","org.eclipse.jetty.util.thread.QueuedThreadPool.runJob(QueuedThreadPool.java:882)","org.eclipse.jetty.util.thread.QueuedThreadPool$Runner.run(QueuedThreadPool.java:1036)","java.base\/java.lang.Thread.run(Unknown Source)"],"cause":null}}
    [NOT FOUND] Keeping original data (no abstract)

[52/83]  Enriching: Cold sensing by a glutamate receptor drives avoidance behavior in Dros...
    Trying Europe PMC (title search)...
    [OK] Found in Europe PMC by title (similarity: 0.85)

[53/83]  Enriching: PAK-family kinases promote cell fusion irreversibility by preventing c...
    Trying Europe PMC (title search)...
    [OK] Found in Europe PMC by title (similarity: 1.00)

[54/83]  Enriching: Ancient genomes reveal an extinct bovine species from mid-latitude Asi...
    Trying Europe PMC (title search)...
    [SKIP] Title similarity too low (0.15)
    Trying Europe PMC (DOI: 10.1016/j.cub.2026.09.043...)
[INFO] No results found for DOI: 10.1016/j.cub.2026.09.043
    Trying preprint servers...
    [NOT FOUND] Keeping original data (no abstract)

[55/83]  Enriching: Serotonin biology as a basis for explaining psychedelic drug action....
    Trying Europe PMC (title search)...
    [OK] Found in Europe PMC by title (similarity: 1.00)

[56/83]  Enriching: Speciation: A second chance to become two....
    Trying Europe PMC (title search)...
    [SKIP] Title similarity too low (0.00)
    Trying Europe PMC (DOI: 10.1016/j.cub.2026.08.012...)
[INFO] No results found for DOI: 10.1016/j.cub.2026.08.012
    Trying preprint servers...
    [NOT FOUND] Keeping original data (no abstract)

[57/83]  Enriching: Navigation: Theta sweeps toward goals and targets....
    Trying Europe PMC (title search)...
    [SKIP] Title similarity too low (0.25)
    Trying Europe PMC (DOI: 10.1016/j.cub.2026.08.042...)
[INFO] No results found for DOI: 10.1016/j.cub.2026.08.042
    Trying preprint servers...
    [NOT FOUND] Keeping original data (no abstract)

[58/83]  Enriching: Plant communication: More than one road to a plant's nose....
    Trying Europe PMC (title search)...
    [SKIP] Title similarity too low (0.05)
    Trying Europe PMC (DOI: 10.1016/j.cub.2026.08.034...)
[INFO] No results found for DOI: 10.1016/j.cub.2026.08.034
    Trying preprint servers...
API Error 500: {"status":"error","message-type":"exception","message-version":"1.0.0","message":{"name":"class java.util.concurrent.CancellationException","description":"java.util.concurrent.CancellationException: Request execution cancelled","message":"Request execution cancelled","stack":["org.apache.http.impl.nio.client.CloseableHttpAsyncClientBase.execute(CloseableHttpAsyncClientBase.java:114)","org.apache.http.impl.nio.client.InternalHttpAsyncClient.execute(InternalHttpAsyncClient.java:138)","org.elasticsearch.client.RestClient.lambda$performRequestAsync$0(RestClient.java:393)","org.elasticsearch.client.Cancellable$RequestCancellable.runIfNotCancelled(Cancellable.java:90)","org.elasticsearch.client.RestClient.performRequestAsync(RestClient.java:391)","org.elasticsearch.client.RestClient.performRequestAsync(RestClient.java:378)","qbits.spandex$request_async.invokeStatic(spandex.clj:321)","qbits.spandex$request_async.invoke(spandex.clj:306)","qbits.spandex$request_chan$fn__15375.invoke(spandex.clj:338)","qbits.spandex$request_chan.invokeStatic(spandex.clj:337)","qbits.spandex$request_chan.invoke(spandex.clj:330)","cayenne.data.work$fetch_data_async.invokeStatic(work.clj:90)","cayenne.data.work$fetch_data_async.doInvoke(work.clj:84)","clojure.lang.RestFn.invoke(RestFn.java:467)","cayenne.data.work$fetch_async.invokeStatic(work.clj:247)","cayenne.data.work$fetch_async.doInvoke(work.clj:243)","clojure.lang.RestFn.invoke(RestFn.java:428)","cayenne.api.v1.routes$works_resource$fn__37129.invoke(routes.clj:135)","liberator.core$run_handler.invokeStatic(core.clj:176)","liberator.core$run_handler.invoke(core.clj:131)","liberator.core$handle_ok.invokeStatic(core.clj:224)","liberator.core$handle_ok.invoke(core.clj:224)","liberator.core$decide.invokeStatic(core.clj:87)","liberator.core$decide.invoke(core.clj:74)","liberator.core$multiple_representations_QMARK_.invokeStatic(core.clj:232)","liberator.core$multiple_representations_QMARK_.invoke(core.clj:232)","liberator.core$decide.invokeStatic(core.clj:87)","liberator.core$decide.invoke(core.clj:74)","liberator.core$put_to_existing_QMARK_.invokeStatic(core.clj:305)","liberator.core$put_to_existing_QMARK_.invoke(core.clj:305)","liberator.core$decide.invokeStatic(core.clj:87)","liberator.core$decide.invoke(core.clj:74)","liberator.core$post_to_existing_QMARK_.invokeStatic(core.clj:308)","liberator.core$post_to_existing_QMARK_.invoke(core.clj:308)","liberator.core$decide.invokeStatic(core.clj:87)","liberator.core$decide.invoke(core.clj:74)","liberator.core$method_patch_QMARK_.invokeStatic(core.clj:315)","liberator.core$method_patch_QMARK_.invoke(core.clj:315)","liberator.core$decide.invokeStatic(core.clj:87)","liberator.core$decide.invoke(core.clj:74)","liberator.core$method_delete_QMARK_.invokeStatic(core.clj:317)","liberator.core$method_delete_QMARK_.invoke(core.clj:317)","liberator.core$decide.invokeStatic(core.clj:87)","liberator.core$decide.invoke(core.clj:74)","liberator.core$if_modified_since_exists_QMARK_.invokeStatic(core.clj:337)","liberator.core$if_modified_since_exists_QMARK_.invoke(core.clj:337)","liberator.core$decide.invokeStatic(core.clj:87)","liberator.core$decide.invoke(core.clj:74)","liberator.core$if_none_match_exists_QMARK_.invokeStatic(core.clj:355)","liberator.core$if_none_match_exists_QMARK_.invoke(core.clj:355)","liberator.core$decide.invokeStatic(core.clj:87)","liberator.core$decide.invoke(core.clj:74)","liberator.core$if_unmodified_since_exists_QMARK_.invokeStatic(core.clj:375)","liberator.core$if_unmodified_since_exists_QMARK_.invoke(core.clj:375)","liberator.core$decide.invokeStatic(core.clj:87)","liberator.core$decide.invoke(core.clj:74)","liberator.core$if_match_exists_QMARK_.invokeStatic(core.clj:389)","liberator.core$if_match_exists_QMARK_.invoke(core.clj:389)","liberator.core$decide.invokeStatic(core.clj:87)","liberator.core$decide.invoke(core.clj:74)","liberator.core$exists_QMARK_.invokeStatic(core.clj:392)","liberator.core$exists_QMARK_.invoke(core.clj:392)","liberator.core$decide.invokeStatic(core.clj:87)","liberator.core$decide.invoke(core.clj:74)","liberator.core$processable_QMARK_.invokeStatic(core.clj:395)","liberator.core$processable_QMARK_.invoke(core.clj:395)","liberator.core$decide.invokeStatic(core.clj:87)","liberator.core$decide.invoke(core.clj:74)","liberator.core$encoding_available_QMARK_.invokeStatic(core.clj:399)","liberator.core$encoding_available_QMARK_.invoke(core.clj:399)","liberator.core$decide.invokeStatic(core.clj:87)","liberator.core$decide.invoke(core.clj:74)","liberator.core$accept_encoding_exists_QMARK_.invokeStatic(core.clj:416)","liberator.core$accept_encoding_exists_QMARK_.invoke(core.clj:416)","liberator.core$decide.invokeStatic(core.clj:87)","liberator.core$decide.invoke(core.clj:74)","liberator.core$accept_charset_exists_QMARK_.invokeStatic(core.clj:429)","liberator.core$accept_charset_exists_QMARK_.invoke(core.clj:429)","liberator.core$decide.invokeStatic(core.clj:87)","liberator.core$decide.invoke(core.clj:74)","liberator.core$accept_language_exists_QMARK_.invokeStatic(core.clj:443)","liberator.core$accept_language_exists_QMARK_.invoke(core.clj:443)","liberator.core$decide.invokeStatic(core.clj:87)","liberator.core$decide.invoke(core.clj:74)","liberator.core$media_type_available_QMARK_.invokeStatic(core.clj:453)","liberator.core$media_type_available_QMARK_.invoke(core.clj:453)","liberator.core$decide.invokeStatic(core.clj:87)","liberator.core$decide.invoke(core.clj:74)","liberator.core$accept_exists_QMARK_.invokeStatic(core.clj:456)","liberator.core$accept_exists_QMARK_.invoke(core.clj:456)","liberator.core$decide.invokeStatic(core.clj:87)","liberator.core$decide.invoke(core.clj:74)","liberator.core$is_options_QMARK_.invokeStatic(core.clj:473)","liberator.core$is_options_QMARK_.invoke(core.clj:473)","liberator.core$decide.invokeStatic(core.clj:87)","liberator.core$decide.invoke(core.clj:74)","liberator.core$valid_entity_length_QMARK_.invokeStatic(core.clj:476)","liberator.core$valid_entity_length_QMARK_.invoke(core.clj:476)","liberator.core$decide.invokeStatic(core.clj:87)","liberator.core$decide.invoke(core.clj:74)","liberator.core$known_content_type_QMARK_.invokeStatic(core.clj:479)","liberator.core$known_content_type_QMARK_.invoke(core.clj:479)","liberator.core$decide.invokeStatic(core.clj:87)","liberator.core$decide.invoke(core.clj:74)","liberator.core$valid_content_header_QMARK_.invokeStatic(core.clj:481)","liberator.core$valid_content_header_QMARK_.invoke(core.clj:481)","liberator.core$decide.invokeStatic(core.clj:87)","liberator.core$decide.invoke(core.clj:74)","liberator.core$allowed_QMARK_.invokeStatic(core.clj:484)","liberator.core$allowed_QMARK_.invoke(core.clj:484)","liberator.core$decide.invokeStatic(core.clj:87)","liberator.core$decide.invoke(core.clj:74)","liberator.core$authorized_QMARK_.invokeStatic(core.clj:487)","liberator.core$authorized_QMARK_.invoke(core.clj:487)","liberator.core$decide.invokeStatic(core.clj:87)","liberator.core$decide.invoke(core.clj:74)","liberator.core$malformed_QMARK_.invokeStatic(core.clj:490)","liberator.core$malformed_QMARK_.invoke(core.clj:490)","liberator.core$decide.invokeStatic(core.clj:87)","liberator.core$decide.invoke(core.clj:74)","liberator.core$method_allowed_QMARK_.invokeStatic(core.clj:493)","liberator.core$method_allowed_QMARK_.invoke(core.clj:493)","liberator.core$decide.invokeStatic(core.clj:87)","liberator.core$decide.invoke(core.clj:74)","liberator.core$uri_too_long_QMARK_.invokeStatic(core.clj:496)","liberator.core$uri_too_long_QMARK_.invoke(core.clj:496)","liberator.core$decide.invokeStatic(core.clj:87)","liberator.core$decide.invoke(core.clj:74)","liberator.core$known_method_QMARK_.invokeStatic(core.clj:499)","liberator.core$known_method_QMARK_.invoke(core.clj:499)","liberator.core$decide.invokeStatic(core.clj:87)","liberator.core$decide.invoke(core.clj:74)","liberator.core$service_available_QMARK_.invokeStatic(core.clj:502)","liberator.core$service_available_QMARK_.invoke(core.clj:502)","liberator.core$decide.invokeStatic(core.clj:87)","liberator.core$decide.invoke(core.clj:74)","liberator.core$initialize_context.invokeStatic(core.clj:504)","liberator.core$initialize_context.invoke(core.clj:504)","liberator.core$run_resource.invokeStatic(core.clj:595)","liberator.core$run_resource.invoke(core.clj:593)","cayenne.api.v1.routes$works_resource.invokeStatic(routes.clj:122)","cayenne.api.v1.routes$works_resource.invoke(routes.clj:122)","compojure.response$fn__36600.invokeStatic(response.clj:47)","compojure.response$fn__36600.invoke(response.clj:35)","compojure.response$fn__36550$G__36545__36557.invoke(response.clj:7)","compojure.core$wrap_response$fn__37028.invoke(core.clj:158)","compojure.core$pre_init$fn__37079.invoke(core.clj:328)","cayenne.api.auth.apikey$wrap_auth_when_enabled$fn__19032.invoke(apikey.clj:69)","compojure.core$pre_init$fn__37081$fn__37084.invoke(core.clj:335)","compojure.core$wrap_route_middleware$fn__37012.invoke(core.clj:127)","compojure.core$wrap_route_info$fn__37017.invoke(core.clj:137)","compojure.core$wrap_route_matches$fn__37021.invoke(core.clj:146)","compojure.core$routing$fn__37036.invoke(core.clj:185)","clojure.core$some.invokeStatic(core.clj:2722)","clojure.core$some.invoke(core.clj:2713)","compojure.core$routing.invokeStatic(core.clj:185)","compojure.core$routing.doInvoke(core.clj:182)","clojure.lang.RestFn.applyTo(RestFn.java:142)","clojure.core$apply.invokeStatic(core.clj:669)","clojure.core$apply.invoke(core.clj:662)","compojure.core$routes$fn__37040.invoke(core.clj:192)","compojure.core$routing$fn__37036.invoke(core.clj:185)","clojure.core$some.invokeStatic(core.clj:2722)","clojure.core$some.invoke(core.clj:2713)","compojure.core$routing.invokeStatic(core.clj:185)","compojure.core$routing.doInvoke(core.clj:182)","clojure.lang.RestFn.applyTo(RestFn.java:142)","clojure.core$apply.invokeStatic(core.clj:669)","clojure.core$apply.invoke(core.clj:662)","compojure.core$routes$fn__37040.invoke(core.clj:192)","compojure.core$routing$fn__37036.invoke(core.clj:185)","clojure.core$some.invokeStatic(core.clj:2722)","clojure.core$some.invoke(core.clj:2713)","compojure.core$routing.invokeStatic(core.clj:185)","compojure.core$routing.doInvoke(core.clj:182)","clojure.lang.RestFn.applyTo(RestFn.java:142)","clojure.core$apply.invokeStatic(core.clj:669)","clojure.core$apply.invoke(core.clj:662)","compojure.core$routes$fn__37040.invoke(core.clj:192)","compojure.core$wrap_routes$fn__37091.invoke(core.clj:348)","cayenne.api.route$wrap_async$fn__42564.invoke(route.clj:308)","ring.middleware.keyword_params$wrap_keyword_params$fn__42065.invoke(keyword_params.clj:55)","ring.middleware.nested_params$wrap_nested_params$fn__42115.invoke(nested_params.clj:91)","ring.middleware.params$wrap_params$fn__42029.invoke(params.clj:69)","cayenne.api.route$wrap_cors$fn__42524.invoke(route.clj:161)","cayenne.api.route$wrap_heartbeat$fn__42569.invoke(route.clj:334)","cayenne.api.conneg$wrap_accept$fn__20855.invoke(conneg.clj:53)","cayenne.api.route$wrap_exception_handler$fn__42539.invoke(route.clj:216)","cayenne.api.route$wrap_ignore_trailing_slash$fn__42542.invoke(route.clj:224)","ring.middleware.gzip$wrap_gzip$fn__41694.invoke(gzip.clj:102)","ring.logger$wrap_log_request_start$fn__41633.invoke(logger.clj:101)","ring.logger$wrap_log_response$fn__41646.invoke(logger.clj:175)","cayenne.api.route$wrap_raise$fn__42574.invoke(route.clj:339)","cayenne.metrics$wrap_trace_events$fn__25799.invoke(metrics.clj:84)","ring.adapter.jetty$async_proxy_handler$fn__41835.invoke(jetty.clj:59)","ring.adapter.jetty.proxy$org.eclipse.jetty.server.handler.AbstractHandler$ff19274a.handle(Unknown Source)","org.eclipse.jetty.server.handler.HandlerWrapper.handle(HandlerWrapper.java:127)","org.eclipse.jetty.server.Server.handle(Server.java:516)","org.eclipse.jetty.server.HttpChannel.lambda$handle$1(HttpChannel.java:388)","org.eclipse.jetty.server.HttpChannel.dispatch(HttpChannel.java:633)","org.eclipse.jetty.server.HttpChannel.handle(HttpChannel.java:380)","org.eclipse.jetty.server.HttpConnection.onFillable(HttpConnection.java:277)","org.eclipse.jetty.io.AbstractConnection$ReadCallback.succeeded(AbstractConnection.java:311)","org.eclipse.jetty.io.FillInterest.fillable(FillInterest.java:105)","org.eclipse.jetty.io.ChannelEndPoint$1.run(ChannelEndPoint.java:104)","org.eclipse.jetty.util.thread.QueuedThreadPool.runJob(QueuedThreadPool.java:882)","org.eclipse.jetty.util.thread.QueuedThreadPool$Runner.run(QueuedThreadPool.java:1036)","java.base\/java.lang.Thread.run(Unknown Source)"],"cause":null}}
    [NOT FOUND] Keeping original data (no abstract)

[59/83]  Enriching: Cytokinesis: The proteasome is a cutting-edge abscission timer....
    Trying Europe PMC (title search)...
    [SKIP] Title similarity too low (0.00)
    Trying Europe PMC (DOI: 10.1016/j.cub.2026.08.033...)
[INFO] No results found for DOI: 10.1016/j.cub.2026.08.033
    Trying preprint servers...
    [NOT FOUND] Keeping original data (no abstract)

[60/83]  Enriching: Multisensory integration: How fish combine cues to make sense of dynam...
    Trying Europe PMC (title search)...
    [SKIP] Title similarity too low (0.04)
    Trying Europe PMC (DOI: 10.1016/j.cub.2026.08.029...)
[INFO] No results found for DOI: 10.1016/j.cub.2026.08.029
    Trying preprint servers...
    [NOT FOUND] Keeping original data (no abstract)

[61/83]  Enriching: Evolution: The inclusive fitness and organization of social immunity....
    Trying Europe PMC (title search)...
    [SKIP] Title similarity too low (0.00)
    Trying Europe PMC (DOI: 10.1016/j.cub.2026.08.021...)
[INFO] No results found for DOI: 10.1016/j.cub.2026.08.021
    Trying preprint servers...
    [NOT FOUND] Keeping original data (no abstract)

[62/83]  Enriching: Microbiology: The burden of a bacterial weapon at times of peace....
    Trying Europe PMC (title search)...
    [SKIP] Title similarity too low (0.00)
    Trying Europe PMC (DOI: 10.1016/j.cub.2026.07.038...)
[INFO] No results found for DOI: 10.1016/j.cub.2026.07.038
    Trying preprint servers...
    [NOT FOUND] Keeping original data (no abstract)

[63/83]  Enriching: Neurogenetics: Young adult mosquito receptor found that leads females ...
    Trying Europe PMC (title search)...
    [SKIP] Title similarity too low (0.00)
    Trying Europe PMC (DOI: 10.1016/j.cub.2026.08.006...)
[INFO] No results found for DOI: 10.1016/j.cub.2026.08.006
    Trying preprint servers...
API Error 500: {"status":"error","message-type":"exception","message-version":"1.0.0","message":{"name":"class java.util.concurrent.CancellationException","description":"java.util.concurrent.CancellationException: Request execution cancelled","message":"Request execution cancelled","stack":["org.apache.http.impl.nio.client.CloseableHttpAsyncClientBase.execute(CloseableHttpAsyncClientBase.java:114)","org.apache.http.impl.nio.client.InternalHttpAsyncClient.execute(InternalHttpAsyncClient.java:138)","org.elasticsearch.client.RestClient.lambda$performRequestAsync$0(RestClient.java:393)","org.elasticsearch.client.Cancellable$RequestCancellable.runIfNotCancelled(Cancellable.java:90)","org.elasticsearch.client.RestClient.performRequestAsync(RestClient.java:391)","org.elasticsearch.client.RestClient.performRequestAsync(RestClient.java:378)","qbits.spandex$request_async.invokeStatic(spandex.clj:321)","qbits.spandex$request_async.invoke(spandex.clj:306)","qbits.spandex$request_chan$fn__15375.invoke(spandex.clj:338)","qbits.spandex$request_chan.invokeStatic(spandex.clj:337)","qbits.spandex$request_chan.invoke(spandex.clj:330)","cayenne.data.work$fetch_data_async.invokeStatic(work.clj:90)","cayenne.data.work$fetch_data_async.doInvoke(work.clj:84)","clojure.lang.RestFn.invoke(RestFn.java:467)","cayenne.data.work$fetch_async.invokeStatic(work.clj:247)","cayenne.data.work$fetch_async.doInvoke(work.clj:243)","clojure.lang.RestFn.invoke(RestFn.java:428)","cayenne.api.v1.routes$works_resource$fn__37129.invoke(routes.clj:135)","liberator.core$run_handler.invokeStatic(core.clj:176)","liberator.core$run_handler.invoke(core.clj:131)","liberator.core$handle_ok.invokeStatic(core.clj:224)","liberator.core$handle_ok.invoke(core.clj:224)","liberator.core$decide.invokeStatic(core.clj:87)","liberator.core$decide.invoke(core.clj:74)","liberator.core$multiple_representations_QMARK_.invokeStatic(core.clj:232)","liberator.core$multiple_representations_QMARK_.invoke(core.clj:232)","liberator.core$decide.invokeStatic(core.clj:87)","liberator.core$decide.invoke(core.clj:74)","liberator.core$put_to_existing_QMARK_.invokeStatic(core.clj:305)","liberator.core$put_to_existing_QMARK_.invoke(core.clj:305)","liberator.core$decide.invokeStatic(core.clj:87)","liberator.core$decide.invoke(core.clj:74)","liberator.core$post_to_existing_QMARK_.invokeStatic(core.clj:308)","liberator.core$post_to_existing_QMARK_.invoke(core.clj:308)","liberator.core$decide.invokeStatic(core.clj:87)","liberator.core$decide.invoke(core.clj:74)","liberator.core$method_patch_QMARK_.invokeStatic(core.clj:315)","liberator.core$method_patch_QMARK_.invoke(core.clj:315)","liberator.core$decide.invokeStatic(core.clj:87)","liberator.core$decide.invoke(core.clj:74)","liberator.core$method_delete_QMARK_.invokeStatic(core.clj:317)","liberator.core$method_delete_QMARK_.invoke(core.clj:317)","liberator.core$decide.invokeStatic(core.clj:87)","liberator.core$decide.invoke(core.clj:74)","liberator.core$if_modified_since_exists_QMARK_.invokeStatic(core.clj:337)","liberator.core$if_modified_since_exists_QMARK_.invoke(core.clj:337)","liberator.core$decide.invokeStatic(core.clj:87)","liberator.core$decide.invoke(core.clj:74)","liberator.core$if_none_match_exists_QMARK_.invokeStatic(core.clj:355)","liberator.core$if_none_match_exists_QMARK_.invoke(core.clj:355)","liberator.core$decide.invokeStatic(core.clj:87)","liberator.core$decide.invoke(core.clj:74)","liberator.core$if_unmodified_since_exists_QMARK_.invokeStatic(core.clj:375)","liberator.core$if_unmodified_since_exists_QMARK_.invoke(core.clj:375)","liberator.core$decide.invokeStatic(core.clj:87)","liberator.core$decide.invoke(core.clj:74)","liberator.core$if_match_exists_QMARK_.invokeStatic(core.clj:389)","liberator.core$if_match_exists_QMARK_.invoke(core.clj:389)","liberator.core$decide.invokeStatic(core.clj:87)","liberator.core$decide.invoke(core.clj:74)","liberator.core$exists_QMARK_.invokeStatic(core.clj:392)","liberator.core$exists_QMARK_.invoke(core.clj:392)","liberator.core$decide.invokeStatic(core.clj:87)","liberator.core$decide.invoke(core.clj:74)","liberator.core$processable_QMARK_.invokeStatic(core.clj:395)","liberator.core$processable_QMARK_.invoke(core.clj:395)","liberator.core$decide.invokeStatic(core.clj:87)","liberator.core$decide.invoke(core.clj:74)","liberator.core$encoding_available_QMARK_.invokeStatic(core.clj:399)","liberator.core$encoding_available_QMARK_.invoke(core.clj:399)","liberator.core$decide.invokeStatic(core.clj:87)","liberator.core$decide.invoke(core.clj:74)","liberator.core$accept_encoding_exists_QMARK_.invokeStatic(core.clj:416)","liberator.core$accept_encoding_exists_QMARK_.invoke(core.clj:416)","liberator.core$decide.invokeStatic(core.clj:87)","liberator.core$decide.invoke(core.clj:74)","liberator.core$accept_charset_exists_QMARK_.invokeStatic(core.clj:429)","liberator.core$accept_charset_exists_QMARK_.invoke(core.clj:429)","liberator.core$decide.invokeStatic(core.clj:87)","liberator.core$decide.invoke(core.clj:74)","liberator.core$accept_language_exists_QMARK_.invokeStatic(core.clj:443)","liberator.core$accept_language_exists_QMARK_.invoke(core.clj:443)","liberator.core$decide.invokeStatic(core.clj:87)","liberator.core$decide.invoke(core.clj:74)","liberator.core$media_type_available_QMARK_.invokeStatic(core.clj:453)","liberator.core$media_type_available_QMARK_.invoke(core.clj:453)","liberator.core$decide.invokeStatic(core.clj:87)","liberator.core$decide.invoke(core.clj:74)","liberator.core$accept_exists_QMARK_.invokeStatic(core.clj:456)","liberator.core$accept_exists_QMARK_.invoke(core.clj:456)","liberator.core$decide.invokeStatic(core.clj:87)","liberator.core$decide.invoke(core.clj:74)","liberator.core$is_options_QMARK_.invokeStatic(core.clj:473)","liberator.core$is_options_QMARK_.invoke(core.clj:473)","liberator.core$decide.invokeStatic(core.clj:87)","liberator.core$decide.invoke(core.clj:74)","liberator.core$valid_entity_length_QMARK_.invokeStatic(core.clj:476)","liberator.core$valid_entity_length_QMARK_.invoke(core.clj:476)","liberator.core$decide.invokeStatic(core.clj:87)","liberator.core$decide.invoke(core.clj:74)","liberator.core$known_content_type_QMARK_.invokeStatic(core.clj:479)","liberator.core$known_content_type_QMARK_.invoke(core.clj:479)","liberator.core$decide.invokeStatic(core.clj:87)","liberator.core$decide.invoke(core.clj:74)","liberator.core$valid_content_header_QMARK_.invokeStatic(core.clj:481)","liberator.core$valid_content_header_QMARK_.invoke(core.clj:481)","liberator.core$decide.invokeStatic(core.clj:87)","liberator.core$decide.invoke(core.clj:74)","liberator.core$allowed_QMARK_.invokeStatic(core.clj:484)","liberator.core$allowed_QMARK_.invoke(core.clj:484)","liberator.core$decide.invokeStatic(core.clj:87)","liberator.core$decide.invoke(core.clj:74)","liberator.core$authorized_QMARK_.invokeStatic(core.clj:487)","liberator.core$authorized_QMARK_.invoke(core.clj:487)","liberator.core$decide.invokeStatic(core.clj:87)","liberator.core$decide.invoke(core.clj:74)","liberator.core$malformed_QMARK_.invokeStatic(core.clj:490)","liberator.core$malformed_QMARK_.invoke(core.clj:490)","liberator.core$decide.invokeStatic(core.clj:87)","liberator.core$decide.invoke(core.clj:74)","liberator.core$method_allowed_QMARK_.invokeStatic(core.clj:493)","liberator.core$method_allowed_QMARK_.invoke(core.clj:493)","liberator.core$decide.invokeStatic(core.clj:87)","liberator.core$decide.invoke(core.clj:74)","liberator.core$uri_too_long_QMARK_.invokeStatic(core.clj:496)","liberator.core$uri_too_long_QMARK_.invoke(core.clj:496)","liberator.core$decide.invokeStatic(core.clj:87)","liberator.core$decide.invoke(core.clj:74)","liberator.core$known_method_QMARK_.invokeStatic(core.clj:499)","liberator.core$known_method_QMARK_.invoke(core.clj:499)","liberator.core$decide.invokeStatic(core.clj:87)","liberator.core$decide.invoke(core.clj:74)","liberator.core$service_available_QMARK_.invokeStatic(core.clj:502)","liberator.core$service_available_QMARK_.invoke(core.clj:502)","liberator.core$decide.invokeStatic(core.clj:87)","liberator.core$decide.invoke(core.clj:74)","liberator.core$initialize_context.invokeStatic(core.clj:504)","liberator.core$initialize_context.invoke(core.clj:504)","liberator.core$run_resource.invokeStatic(core.clj:595)","liberator.core$run_resource.invoke(core.clj:593)","cayenne.api.v1.routes$works_resource.invokeStatic(routes.clj:122)","cayenne.api.v1.routes$works_resource.invoke(routes.clj:122)","compojure.response$fn__36600.invokeStatic(response.clj:47)","compojure.response$fn__36600.invoke(response.clj:35)","compojure.response$fn__36550$G__36545__36557.invoke(response.clj:7)","compojure.core$wrap_response$fn__37028.invoke(core.clj:158)","compojure.core$pre_init$fn__37079.invoke(core.clj:328)","cayenne.api.auth.apikey$wrap_auth_when_enabled$fn__19032.invoke(apikey.clj:69)","compojure.core$pre_init$fn__37081$fn__37084.invoke(core.clj:335)","compojure.core$wrap_route_middleware$fn__37012.invoke(core.clj:127)","compojure.core$wrap_route_info$fn__37017.invoke(core.clj:137)","compojure.core$wrap_route_matches$fn__37021.invoke(core.clj:146)","compojure.core$routing$fn__37036.invoke(core.clj:185)","clojure.core$some.invokeStatic(core.clj:2722)","clojure.core$some.invoke(core.clj:2713)","compojure.core$routing.invokeStatic(core.clj:185)","compojure.core$routing.doInvoke(core.clj:182)","clojure.lang.RestFn.applyTo(RestFn.java:142)","clojure.core$apply.invokeStatic(core.clj:669)","clojure.core$apply.invoke(core.clj:662)","compojure.core$routes$fn__37040.invoke(core.clj:192)","compojure.core$routing$fn__37036.invoke(core.clj:185)","clojure.core$some.invokeStatic(core.clj:2722)","clojure.core$some.invoke(core.clj:2713)","compojure.core$routing.invokeStatic(core.clj:185)","compojure.core$routing.doInvoke(core.clj:182)","clojure.lang.RestFn.applyTo(RestFn.java:142)","clojure.core$apply.invokeStatic(core.clj:669)","clojure.core$apply.invoke(core.clj:662)","compojure.core$routes$fn__37040.invoke(core.clj:192)","compojure.core$routing$fn__37036.invoke(core.clj:185)","clojure.core$some.invokeStatic(core.clj:2722)","clojure.core$some.invoke(core.clj:2713)","compojure.core$routing.invokeStatic(core.clj:185)","compojure.core$routing.doInvoke(core.clj:182)","clojure.lang.RestFn.applyTo(RestFn.java:142)","clojure.core$apply.invokeStatic(core.clj:669)","clojure.core$apply.invoke(core.clj:662)","compojure.core$routes$fn__37040.invoke(core.clj:192)","compojure.core$wrap_routes$fn__37091.invoke(core.clj:348)","cayenne.api.route$wrap_async$fn__42564.invoke(route.clj:308)","ring.middleware.keyword_params$wrap_keyword_params$fn__42065.invoke(keyword_params.clj:55)","ring.middleware.nested_params$wrap_nested_params$fn__42115.invoke(nested_params.clj:91)","ring.middleware.params$wrap_params$fn__42029.invoke(params.clj:69)","cayenne.api.route$wrap_cors$fn__42524.invoke(route.clj:161)","cayenne.api.route$wrap_heartbeat$fn__42569.invoke(route.clj:334)","cayenne.api.conneg$wrap_accept$fn__20855.invoke(conneg.clj:53)","cayenne.api.route$wrap_exception_handler$fn__42539.invoke(route.clj:216)","cayenne.api.route$wrap_ignore_trailing_slash$fn__42542.invoke(route.clj:224)","ring.middleware.gzip$wrap_gzip$fn__41694.invoke(gzip.clj:102)","ring.logger$wrap_log_request_start$fn__41633.invoke(logger.clj:101)","ring.logger$wrap_log_response$fn__41646.invoke(logger.clj:175)","cayenne.api.route$wrap_raise$fn__42574.invoke(route.clj:339)","cayenne.metrics$wrap_trace_events$fn__25799.invoke(metrics.clj:84)","ring.adapter.jetty$async_proxy_handler$fn__41835.invoke(jetty.clj:59)","ring.adapter.jetty.proxy$org.eclipse.jetty.server.handler.AbstractHandler$ff19274a.handle(Unknown Source)","org.eclipse.jetty.server.handler.HandlerWrapper.handle(HandlerWrapper.java:127)","org.eclipse.jetty.server.Server.handle(Server.java:516)","org.eclipse.jetty.server.HttpChannel.lambda$handle$1(HttpChannel.java:388)","org.eclipse.jetty.server.HttpChannel.dispatch(HttpChannel.java:633)","org.eclipse.jetty.server.HttpChannel.handle(HttpChannel.java:380)","org.eclipse.jetty.server.HttpConnection.onFillable(HttpConnection.java:277)","org.eclipse.jetty.io.AbstractConnection$ReadCallback.succeeded(AbstractConnection.java:311)","org.eclipse.jetty.io.FillInterest.fillable(FillInterest.java:105)","org.eclipse.jetty.io.ChannelEndPoint$1.run(ChannelEndPoint.java:104)","org.eclipse.jetty.util.thread.strategy.EatWhatYouKill.runTask(EatWhatYouKill.java:336)","org.eclipse.jetty.util.thread.strategy.EatWhatYouKill.doProduce(EatWhatYouKill.java:313)","org.eclipse.jetty.util.thread.strategy.EatWhatYouKill.tryProduce(EatWhatYouKill.java:171)","org.eclipse.jetty.util.thread.strategy.EatWhatYouKill.run(EatWhatYouKill.java:129)","org.eclipse.jetty.util.thread.ReservedThreadExecutor$ReservedThread.run(ReservedThreadExecutor.java:383)","org.eclipse.jetty.util.thread.QueuedThreadPool.runJob(QueuedThreadPool.java:882)","org.eclipse.jetty.util.thread.QueuedThreadPool$Runner.run(QueuedThreadPool.java:1036)","java.base\/java.lang.Thread.run(Unknown Source)"],"cause":null}}
    [NOT FOUND] Keeping original data (no abstract)

[64/83]  Enriching: Plant evolution: Convergent evolution of root barriers across vascular...
    Trying Europe PMC (title search)...
    [SKIP] Title similarity too low (0.12)
    Trying Europe PMC (DOI: 10.1016/j.cub.2026.08.024...)
[INFO] No results found for DOI: 10.1016/j.cub.2026.08.024
    Trying preprint servers...
API Error 500: {"status":"error","message-type":"exception","message-version":"1.0.0","message":{"name":"class java.util.concurrent.CancellationException","description":"java.util.concurrent.CancellationException: Request execution cancelled","message":"Request execution cancelled","stack":["org.apache.http.impl.nio.client.CloseableHttpAsyncClientBase.execute(CloseableHttpAsyncClientBase.java:114)","org.apache.http.impl.nio.client.InternalHttpAsyncClient.execute(InternalHttpAsyncClient.java:138)","org.elasticsearch.client.RestClient.lambda$performRequestAsync$0(RestClient.java:393)","org.elasticsearch.client.Cancellable$RequestCancellable.runIfNotCancelled(Cancellable.java:90)","org.elasticsearch.client.RestClient.performRequestAsync(RestClient.java:391)","org.elasticsearch.client.RestClient.performRequestAsync(RestClient.java:378)","qbits.spandex$request_async.invokeStatic(spandex.clj:321)","qbits.spandex$request_async.invoke(spandex.clj:306)","qbits.spandex$request_chan$fn__15375.invoke(spandex.clj:338)","qbits.spandex$request_chan.invokeStatic(spandex.clj:337)","qbits.spandex$request_chan.invoke(spandex.clj:330)","cayenne.data.work$fetch_data_async.invokeStatic(work.clj:90)","cayenne.data.work$fetch_data_async.doInvoke(work.clj:84)","clojure.lang.RestFn.invoke(RestFn.java:467)","cayenne.data.work$fetch_async.invokeStatic(work.clj:247)","cayenne.data.work$fetch_async.doInvoke(work.clj:243)","clojure.lang.RestFn.invoke(RestFn.java:428)","cayenne.api.v1.routes$works_resource$fn__37129.invoke(routes.clj:135)","liberator.core$run_handler.invokeStatic(core.clj:176)","liberator.core$run_handler.invoke(core.clj:131)","liberator.core$handle_ok.invokeStatic(core.clj:224)","liberator.core$handle_ok.invoke(core.clj:224)","liberator.core$decide.invokeStatic(core.clj:87)","liberator.core$decide.invoke(core.clj:74)","liberator.core$multiple_representations_QMARK_.invokeStatic(core.clj:232)","liberator.core$multiple_representations_QMARK_.invoke(core.clj:232)","liberator.core$decide.invokeStatic(core.clj:87)","liberator.core$decide.invoke(core.clj:74)","liberator.core$put_to_existing_QMARK_.invokeStatic(core.clj:305)","liberator.core$put_to_existing_QMARK_.invoke(core.clj:305)","liberator.core$decide.invokeStatic(core.clj:87)","liberator.core$decide.invoke(core.clj:74)","liberator.core$post_to_existing_QMARK_.invokeStatic(core.clj:308)","liberator.core$post_to_existing_QMARK_.invoke(core.clj:308)","liberator.core$decide.invokeStatic(core.clj:87)","liberator.core$decide.invoke(core.clj:74)","liberator.core$method_patch_QMARK_.invokeStatic(core.clj:315)","liberator.core$method_patch_QMARK_.invoke(core.clj:315)","liberator.core$decide.invokeStatic(core.clj:87)","liberator.core$decide.invoke(core.clj:74)","liberator.core$method_delete_QMARK_.invokeStatic(core.clj:317)","liberator.core$method_delete_QMARK_.invoke(core.clj:317)","liberator.core$decide.invokeStatic(core.clj:87)","liberator.core$decide.invoke(core.clj:74)","liberator.core$if_modified_since_exists_QMARK_.invokeStatic(core.clj:337)","liberator.core$if_modified_since_exists_QMARK_.invoke(core.clj:337)","liberator.core$decide.invokeStatic(core.clj:87)","liberator.core$decide.invoke(core.clj:74)","liberator.core$if_none_match_exists_QMARK_.invokeStatic(core.clj:355)","liberator.core$if_none_match_exists_QMARK_.invoke(core.clj:355)","liberator.core$decide.invokeStatic(core.clj:87)","liberator.core$decide.invoke(core.clj:74)","liberator.core$if_unmodified_since_exists_QMARK_.invokeStatic(core.clj:375)","liberator.core$if_unmodified_since_exists_QMARK_.invoke(core.clj:375)","liberator.core$decide.invokeStatic(core.clj:87)","liberator.core$decide.invoke(core.clj:74)","liberator.core$if_match_exists_QMARK_.invokeStatic(core.clj:389)","liberator.core$if_match_exists_QMARK_.invoke(core.clj:389)","liberator.core$decide.invokeStatic(core.clj:87)","liberator.core$decide.invoke(core.clj:74)","liberator.core$exists_QMARK_.invokeStatic(core.clj:392)","liberator.core$exists_QMARK_.invoke(core.clj:392)","liberator.core$decide.invokeStatic(core.clj:87)","liberator.core$decide.invoke(core.clj:74)","liberator.core$processable_QMARK_.invokeStatic(core.clj:395)","liberator.core$processable_QMARK_.invoke(core.clj:395)","liberator.core$decide.invokeStatic(core.clj:87)","liberator.core$decide.invoke(core.clj:74)","liberator.core$encoding_available_QMARK_.invokeStatic(core.clj:399)","liberator.core$encoding_available_QMARK_.invoke(core.clj:399)","liberator.core$decide.invokeStatic(core.clj:87)","liberator.core$decide.invoke(core.clj:74)","liberator.core$accept_encoding_exists_QMARK_.invokeStatic(core.clj:416)","liberator.core$accept_encoding_exists_QMARK_.invoke(core.clj:416)","liberator.core$decide.invokeStatic(core.clj:87)","liberator.core$decide.invoke(core.clj:74)","liberator.core$accept_charset_exists_QMARK_.invokeStatic(core.clj:429)","liberator.core$accept_charset_exists_QMARK_.invoke(core.clj:429)","liberator.core$decide.invokeStatic(core.clj:87)","liberator.core$decide.invoke(core.clj:74)","liberator.core$accept_language_exists_QMARK_.invokeStatic(core.clj:443)","liberator.core$accept_language_exists_QMARK_.invoke(core.clj:443)","liberator.core$decide.invokeStatic(core.clj:87)","liberator.core$decide.invoke(core.clj:74)","liberator.core$media_type_available_QMARK_.invokeStatic(core.clj:453)","liberator.core$media_type_available_QMARK_.invoke(core.clj:453)","liberator.core$decide.invokeStatic(core.clj:87)","liberator.core$decide.invoke(core.clj:74)","liberator.core$accept_exists_QMARK_.invokeStatic(core.clj:456)","liberator.core$accept_exists_QMARK_.invoke(core.clj:456)","liberator.core$decide.invokeStatic(core.clj:87)","liberator.core$decide.invoke(core.clj:74)","liberator.core$is_options_QMARK_.invokeStatic(core.clj:473)","liberator.core$is_options_QMARK_.invoke(core.clj:473)","liberator.core$decide.invokeStatic(core.clj:87)","liberator.core$decide.invoke(core.clj:74)","liberator.core$valid_entity_length_QMARK_.invokeStatic(core.clj:476)","liberator.core$valid_entity_length_QMARK_.invoke(core.clj:476)","liberator.core$decide.invokeStatic(core.clj:87)","liberator.core$decide.invoke(core.clj:74)","liberator.core$known_content_type_QMARK_.invokeStatic(core.clj:479)","liberator.core$known_content_type_QMARK_.invoke(core.clj:479)","liberator.core$decide.invokeStatic(core.clj:87)","liberator.core$decide.invoke(core.clj:74)","liberator.core$valid_content_header_QMARK_.invokeStatic(core.clj:481)","liberator.core$valid_content_header_QMARK_.invoke(core.clj:481)","liberator.core$decide.invokeStatic(core.clj:87)","liberator.core$decide.invoke(core.clj:74)","liberator.core$allowed_QMARK_.invokeStatic(core.clj:484)","liberator.core$allowed_QMARK_.invoke(core.clj:484)","liberator.core$decide.invokeStatic(core.clj:87)","liberator.core$decide.invoke(core.clj:74)","liberator.core$authorized_QMARK_.invokeStatic(core.clj:487)","liberator.core$authorized_QMARK_.invoke(core.clj:487)","liberator.core$decide.invokeStatic(core.clj:87)","liberator.core$decide.invoke(core.clj:74)","liberator.core$malformed_QMARK_.invokeStatic(core.clj:490)","liberator.core$malformed_QMARK_.invoke(core.clj:490)","liberator.core$decide.invokeStatic(core.clj:87)","liberator.core$decide.invoke(core.clj:74)","liberator.core$method_allowed_QMARK_.invokeStatic(core.clj:493)","liberator.core$method_allowed_QMARK_.invoke(core.clj:493)","liberator.core$decide.invokeStatic(core.clj:87)","liberator.core$decide.invoke(core.clj:74)","liberator.core$uri_too_long_QMARK_.invokeStatic(core.clj:496)","liberator.core$uri_too_long_QMARK_.invoke(core.clj:496)","liberator.core$decide.invokeStatic(core.clj:87)","liberator.core$decide.invoke(core.clj:74)","liberator.core$known_method_QMARK_.invokeStatic(core.clj:499)","liberator.core$known_method_QMARK_.invoke(core.clj:499)","liberator.core$decide.invokeStatic(core.clj:87)","liberator.core$decide.invoke(core.clj:74)","liberator.core$service_available_QMARK_.invokeStatic(core.clj:502)","liberator.core$service_available_QMARK_.invoke(core.clj:502)","liberator.core$decide.invokeStatic(core.clj:87)","liberator.core$decide.invoke(core.clj:74)","liberator.core$initialize_context.invokeStatic(core.clj:504)","liberator.core$initialize_context.invoke(core.clj:504)","liberator.core$run_resource.invokeStatic(core.clj:595)","liberator.core$run_resource.invoke(core.clj:593)","cayenne.api.v1.routes$works_resource.invokeStatic(routes.clj:122)","cayenne.api.v1.routes$works_resource.invoke(routes.clj:122)","compojure.response$fn__36600.invokeStatic(response.clj:47)","compojure.response$fn__36600.invoke(response.clj:35)","compojure.response$fn__36550$G__36545__36557.invoke(response.clj:7)","compojure.core$wrap_response$fn__37028.invoke(core.clj:158)","compojure.core$pre_init$fn__37079.invoke(core.clj:328)","cayenne.api.auth.apikey$wrap_auth_when_enabled$fn__19032.invoke(apikey.clj:69)","compojure.core$pre_init$fn__37081$fn__37084.invoke(core.clj:335)","compojure.core$wrap_route_middleware$fn__37012.invoke(core.clj:127)","compojure.core$wrap_route_info$fn__37017.invoke(core.clj:137)","compojure.core$wrap_route_matches$fn__37021.invoke(core.clj:146)","compojure.core$routing$fn__37036.invoke(core.clj:185)","clojure.core$some.invokeStatic(core.clj:2722)","clojure.core$some.invoke(core.clj:2713)","compojure.core$routing.invokeStatic(core.clj:185)","compojure.core$routing.doInvoke(core.clj:182)","clojure.lang.RestFn.applyTo(RestFn.java:142)","clojure.core$apply.invokeStatic(core.clj:669)","clojure.core$apply.invoke(core.clj:662)","compojure.core$routes$fn__37040.invoke(core.clj:192)","compojure.core$routing$fn__37036.invoke(core.clj:185)","clojure.core$some.invokeStatic(core.clj:2722)","clojure.core$some.invoke(core.clj:2713)","compojure.core$routing.invokeStatic(core.clj:185)","compojure.core$routing.doInvoke(core.clj:182)","clojure.lang.RestFn.applyTo(RestFn.java:142)","clojure.core$apply.invokeStatic(core.clj:669)","clojure.core$apply.invoke(core.clj:662)","compojure.core$routes$fn__37040.invoke(core.clj:192)","compojure.core$routing$fn__37036.invoke(core.clj:185)","clojure.core$some.invokeStatic(core.clj:2722)","clojure.core$some.invoke(core.clj:2713)","compojure.core$routing.invokeStatic(core.clj:185)","compojure.core$routing.doInvoke(core.clj:182)","clojure.lang.RestFn.applyTo(RestFn.java:142)","clojure.core$apply.invokeStatic(core.clj:669)","clojure.core$apply.invoke(core.clj:662)","compojure.core$routes$fn__37040.invoke(core.clj:192)","compojure.core$wrap_routes$fn__37091.invoke(core.clj:348)","cayenne.api.route$wrap_async$fn__42564.invoke(route.clj:308)","ring.middleware.keyword_params$wrap_keyword_params$fn__42065.invoke(keyword_params.clj:55)","ring.middleware.nested_params$wrap_nested_params$fn__42115.invoke(nested_params.clj:91)","ring.middleware.params$wrap_params$fn__42029.invoke(params.clj:69)","cayenne.api.route$wrap_cors$fn__42524.invoke(route.clj:161)","cayenne.api.route$wrap_heartbeat$fn__42569.invoke(route.clj:334)","cayenne.api.conneg$wrap_accept$fn__20855.invoke(conneg.clj:53)","cayenne.api.route$wrap_exception_handler$fn__42539.invoke(route.clj:216)","cayenne.api.route$wrap_ignore_trailing_slash$fn__42542.invoke(route.clj:224)","ring.middleware.gzip$wrap_gzip$fn__41694.invoke(gzip.clj:102)","ring.logger$wrap_log_request_start$fn__41633.invoke(logger.clj:101)","ring.logger$wrap_log_response$fn__41646.invoke(logger.clj:175)","cayenne.api.route$wrap_raise$fn__42574.invoke(route.clj:339)","cayenne.metrics$wrap_trace_events$fn__25799.invoke(metrics.clj:84)","ring.adapter.jetty$async_proxy_handler$fn__41835.invoke(jetty.clj:59)","ring.adapter.jetty.proxy$org.eclipse.jetty.server.handler.AbstractHandler$ff19274a.handle(Unknown Source)","org.eclipse.jetty.server.handler.HandlerWrapper.handle(HandlerWrapper.java:127)","org.eclipse.jetty.server.Server.handle(Server.java:516)","org.eclipse.jetty.server.HttpChannel.lambda$handle$1(HttpChannel.java:388)","org.eclipse.jetty.server.HttpChannel.dispatch(HttpChannel.java:633)","org.eclipse.jetty.server.HttpChannel.handle(HttpChannel.java:380)","org.eclipse.jetty.server.HttpConnection.onFillable(HttpConnection.java:277)","org.eclipse.jetty.io.AbstractConnection$ReadCallback.succeeded(AbstractConnection.java:311)","org.eclipse.jetty.io.FillInterest.fillable(FillInterest.java:105)","org.eclipse.jetty.io.ChannelEndPoint$1.run(ChannelEndPoint.java:104)","org.eclipse.jetty.util.thread.strategy.EatWhatYouKill.runTask(EatWhatYouKill.java:336)","org.eclipse.jetty.util.thread.strategy.EatWhatYouKill.doProduce(EatWhatYouKill.java:313)","org.eclipse.jetty.util.thread.strategy.EatWhatYouKill.tryProduce(EatWhatYouKill.java:171)","org.eclipse.jetty.util.thread.strategy.EatWhatYouKill.run(EatWhatYouKill.java:129)","org.eclipse.jetty.util.thread.ReservedThreadExecutor$ReservedThread.run(ReservedThreadExecutor.java:383)","org.eclipse.jetty.util.thread.QueuedThreadPool.runJob(QueuedThreadPool.java:882)","org.eclipse.jetty.util.thread.QueuedThreadPool$Runner.run(QueuedThreadPool.java:1036)","java.base\/java.lang.Thread.run(Unknown Source)"],"cause":null}}
    [NOT FOUND] Keeping original data (no abstract)

[65/83]  Enriching: Extracting AI agent-accessible data from biodiversity literature with ...
    Trying Europe PMC (title search)...
    [SKIP] Title similarity too low (0.04)
    Trying Europe PMC (DOI: 10.1016/j.cub.2026.08.019...)
[INFO] No results found for DOI: 10.1016/j.cub.2026.08.019
    Trying preprint servers...
API Error 500: {"status":"error","message-type":"exception","message-version":"1.0.0","message":{"name":"class java.util.concurrent.CancellationException","description":"java.util.concurrent.CancellationException: Request execution cancelled","message":"Request execution cancelled","stack":["org.apache.http.impl.nio.client.CloseableHttpAsyncClientBase.execute(CloseableHttpAsyncClientBase.java:114)","org.apache.http.impl.nio.client.InternalHttpAsyncClient.execute(InternalHttpAsyncClient.java:138)","org.elasticsearch.client.RestClient.lambda$performRequestAsync$0(RestClient.java:393)","org.elasticsearch.client.Cancellable$RequestCancellable.runIfNotCancelled(Cancellable.java:90)","org.elasticsearch.client.RestClient.performRequestAsync(RestClient.java:391)","org.elasticsearch.client.RestClient.performRequestAsync(RestClient.java:378)","qbits.spandex$request_async.invokeStatic(spandex.clj:321)","qbits.spandex$request_async.invoke(spandex.clj:306)","qbits.spandex$request_chan$fn__15375.invoke(spandex.clj:338)","qbits.spandex$request_chan.invokeStatic(spandex.clj:337)","qbits.spandex$request_chan.invoke(spandex.clj:330)","cayenne.data.work$fetch_data_async.invokeStatic(work.clj:90)","cayenne.data.work$fetch_data_async.doInvoke(work.clj:84)","clojure.lang.RestFn.invoke(RestFn.java:467)","cayenne.data.work$fetch_async.invokeStatic(work.clj:247)","cayenne.data.work$fetch_async.doInvoke(work.clj:243)","clojure.lang.RestFn.invoke(RestFn.java:428)","cayenne.api.v1.routes$works_resource$fn__37129.invoke(routes.clj:135)","liberator.core$run_handler.invokeStatic(core.clj:176)","liberator.core$run_handler.invoke(core.clj:131)","liberator.core$handle_ok.invokeStatic(core.clj:224)","liberator.core$handle_ok.invoke(core.clj:224)","liberator.core$decide.invokeStatic(core.clj:87)","liberator.core$decide.invoke(core.clj:74)","liberator.core$multiple_representations_QMARK_.invokeStatic(core.clj:232)","liberator.core$multiple_representations_QMARK_.invoke(core.clj:232)","liberator.core$decide.invokeStatic(core.clj:87)","liberator.core$decide.invoke(core.clj:74)","liberator.core$put_to_existing_QMARK_.invokeStatic(core.clj:305)","liberator.core$put_to_existing_QMARK_.invoke(core.clj:305)","liberator.core$decide.invokeStatic(core.clj:87)","liberator.core$decide.invoke(core.clj:74)","liberator.core$post_to_existing_QMARK_.invokeStatic(core.clj:308)","liberator.core$post_to_existing_QMARK_.invoke(core.clj:308)","liberator.core$decide.invokeStatic(core.clj:87)","liberator.core$decide.invoke(core.clj:74)","liberator.core$method_patch_QMARK_.invokeStatic(core.clj:315)","liberator.core$method_patch_QMARK_.invoke(core.clj:315)","liberator.core$decide.invokeStatic(core.clj:87)","liberator.core$decide.invoke(core.clj:74)","liberator.core$method_delete_QMARK_.invokeStatic(core.clj:317)","liberator.core$method_delete_QMARK_.invoke(core.clj:317)","liberator.core$decide.invokeStatic(core.clj:87)","liberator.core$decide.invoke(core.clj:74)","liberator.core$if_modified_since_exists_QMARK_.invokeStatic(core.clj:337)","liberator.core$if_modified_since_exists_QMARK_.invoke(core.clj:337)","liberator.core$decide.invokeStatic(core.clj:87)","liberator.core$decide.invoke(core.clj:74)","liberator.core$if_none_match_exists_QMARK_.invokeStatic(core.clj:355)","liberator.core$if_none_match_exists_QMARK_.invoke(core.clj:355)","liberator.core$decide.invokeStatic(core.clj:87)","liberator.core$decide.invoke(core.clj:74)","liberator.core$if_unmodified_since_exists_QMARK_.invokeStatic(core.clj:375)","liberator.core$if_unmodified_since_exists_QMARK_.invoke(core.clj:375)","liberator.core$decide.invokeStatic(core.clj:87)","liberator.core$decide.invoke(core.clj:74)","liberator.core$if_match_exists_QMARK_.invokeStatic(core.clj:389)","liberator.core$if_match_exists_QMARK_.invoke(core.clj:389)","liberator.core$decide.invokeStatic(core.clj:87)","liberator.core$decide.invoke(core.clj:74)","liberator.core$exists_QMARK_.invokeStatic(core.clj:392)","liberator.core$exists_QMARK_.invoke(core.clj:392)","liberator.core$decide.invokeStatic(core.clj:87)","liberator.core$decide.invoke(core.clj:74)","liberator.core$processable_QMARK_.invokeStatic(core.clj:395)","liberator.core$processable_QMARK_.invoke(core.clj:395)","liberator.core$decide.invokeStatic(core.clj:87)","liberator.core$decide.invoke(core.clj:74)","liberator.core$encoding_available_QMARK_.invokeStatic(core.clj:399)","liberator.core$encoding_available_QMARK_.invoke(core.clj:399)","liberator.core$decide.invokeStatic(core.clj:87)","liberator.core$decide.invoke(core.clj:74)","liberator.core$accept_encoding_exists_QMARK_.invokeStatic(core.clj:416)","liberator.core$accept_encoding_exists_QMARK_.invoke(core.clj:416)","liberator.core$decide.invokeStatic(core.clj:87)","liberator.core$decide.invoke(core.clj:74)","liberator.core$accept_charset_exists_QMARK_.invokeStatic(core.clj:429)","liberator.core$accept_charset_exists_QMARK_.invoke(core.clj:429)","liberator.core$decide.invokeStatic(core.clj:87)","liberator.core$decide.invoke(core.clj:74)","liberator.core$accept_language_exists_QMARK_.invokeStatic(core.clj:443)","liberator.core$accept_language_exists_QMARK_.invoke(core.clj:443)","liberator.core$decide.invokeStatic(core.clj:87)","liberator.core$decide.invoke(core.clj:74)","liberator.core$media_type_available_QMARK_.invokeStatic(core.clj:453)","liberator.core$media_type_available_QMARK_.invoke(core.clj:453)","liberator.core$decide.invokeStatic(core.clj:87)","liberator.core$decide.invoke(core.clj:74)","liberator.core$accept_exists_QMARK_.invokeStatic(core.clj:456)","liberator.core$accept_exists_QMARK_.invoke(core.clj:456)","liberator.core$decide.invokeStatic(core.clj:87)","liberator.core$decide.invoke(core.clj:74)","liberator.core$is_options_QMARK_.invokeStatic(core.clj:473)","liberator.core$is_options_QMARK_.invoke(core.clj:473)","liberator.core$decide.invokeStatic(core.clj:87)","liberator.core$decide.invoke(core.clj:74)","liberator.core$valid_entity_length_QMARK_.invokeStatic(core.clj:476)","liberator.core$valid_entity_length_QMARK_.invoke(core.clj:476)","liberator.core$decide.invokeStatic(core.clj:87)","liberator.core$decide.invoke(core.clj:74)","liberator.core$known_content_type_QMARK_.invokeStatic(core.clj:479)","liberator.core$known_content_type_QMARK_.invoke(core.clj:479)","liberator.core$decide.invokeStatic(core.clj:87)","liberator.core$decide.invoke(core.clj:74)","liberator.core$valid_content_header_QMARK_.invokeStatic(core.clj:481)","liberator.core$valid_content_header_QMARK_.invoke(core.clj:481)","liberator.core$decide.invokeStatic(core.clj:87)","liberator.core$decide.invoke(core.clj:74)","liberator.core$allowed_QMARK_.invokeStatic(core.clj:484)","liberator.core$allowed_QMARK_.invoke(core.clj:484)","liberator.core$decide.invokeStatic(core.clj:87)","liberator.core$decide.invoke(core.clj:74)","liberator.core$authorized_QMARK_.invokeStatic(core.clj:487)","liberator.core$authorized_QMARK_.invoke(core.clj:487)","liberator.core$decide.invokeStatic(core.clj:87)","liberator.core$decide.invoke(core.clj:74)","liberator.core$malformed_QMARK_.invokeStatic(core.clj:490)","liberator.core$malformed_QMARK_.invoke(core.clj:490)","liberator.core$decide.invokeStatic(core.clj:87)","liberator.core$decide.invoke(core.clj:74)","liberator.core$method_allowed_QMARK_.invokeStatic(core.clj:493)","liberator.core$method_allowed_QMARK_.invoke(core.clj:493)","liberator.core$decide.invokeStatic(core.clj:87)","liberator.core$decide.invoke(core.clj:74)","liberator.core$uri_too_long_QMARK_.invokeStatic(core.clj:496)","liberator.core$uri_too_long_QMARK_.invoke(core.clj:496)","liberator.core$decide.invokeStatic(core.clj:87)","liberator.core$decide.invoke(core.clj:74)","liberator.core$known_method_QMARK_.invokeStatic(core.clj:499)","liberator.core$known_method_QMARK_.invoke(core.clj:499)","liberator.core$decide.invokeStatic(core.clj:87)","liberator.core$decide.invoke(core.clj:74)","liberator.core$service_available_QMARK_.invokeStatic(core.clj:502)","liberator.core$service_available_QMARK_.invoke(core.clj:502)","liberator.core$decide.invokeStatic(core.clj:87)","liberator.core$decide.invoke(core.clj:74)","liberator.core$initialize_context.invokeStatic(core.clj:504)","liberator.core$initialize_context.invoke(core.clj:504)","liberator.core$run_resource.invokeStatic(core.clj:595)","liberator.core$run_resource.invoke(core.clj:593)","cayenne.api.v1.routes$works_resource.invokeStatic(routes.clj:122)","cayenne.api.v1.routes$works_resource.invoke(routes.clj:122)","compojure.response$fn__36600.invokeStatic(response.clj:47)","compojure.response$fn__36600.invoke(response.clj:35)","compojure.response$fn__36550$G__36545__36557.invoke(response.clj:7)","compojure.core$wrap_response$fn__37028.invoke(core.clj:158)","compojure.core$pre_init$fn__37079.invoke(core.clj:328)","cayenne.api.auth.apikey$wrap_auth_when_enabled$fn__19032.invoke(apikey.clj:69)","compojure.core$pre_init$fn__37081$fn__37084.invoke(core.clj:335)","compojure.core$wrap_route_middleware$fn__37012.invoke(core.clj:127)","compojure.core$wrap_route_info$fn__37017.invoke(core.clj:137)","compojure.core$wrap_route_matches$fn__37021.invoke(core.clj:146)","compojure.core$routing$fn__37036.invoke(core.clj:185)","clojure.core$some.invokeStatic(core.clj:2722)","clojure.core$some.invoke(core.clj:2713)","compojure.core$routing.invokeStatic(core.clj:185)","compojure.core$routing.doInvoke(core.clj:182)","clojure.lang.RestFn.applyTo(RestFn.java:142)","clojure.core$apply.invokeStatic(core.clj:669)","clojure.core$apply.invoke(core.clj:662)","compojure.core$routes$fn__37040.invoke(core.clj:192)","compojure.core$routing$fn__37036.invoke(core.clj:185)","clojure.core$some.invokeStatic(core.clj:2722)","clojure.core$some.invoke(core.clj:2713)","compojure.core$routing.invokeStatic(core.clj:185)","compojure.core$routing.doInvoke(core.clj:182)","clojure.lang.RestFn.applyTo(RestFn.java:142)","clojure.core$apply.invokeStatic(core.clj:669)","clojure.core$apply.invoke(core.clj:662)","compojure.core$routes$fn__37040.invoke(core.clj:192)","compojure.core$routing$fn__37036.invoke(core.clj:185)","clojure.core$some.invokeStatic(core.clj:2722)","clojure.core$some.invoke(core.clj:2713)","compojure.core$routing.invokeStatic(core.clj:185)","compojure.core$routing.doInvoke(core.clj:182)","clojure.lang.RestFn.applyTo(RestFn.java:142)","clojure.core$apply.invokeStatic(core.clj:669)","clojure.core$apply.invoke(core.clj:662)","compojure.core$routes$fn__37040.invoke(core.clj:192)","compojure.core$wrap_routes$fn__37091.invoke(core.clj:348)","cayenne.api.route$wrap_async$fn__42564.invoke(route.clj:308)","ring.middleware.keyword_params$wrap_keyword_params$fn__42065.invoke(keyword_params.clj:55)","ring.middleware.nested_params$wrap_nested_params$fn__42115.invoke(nested_params.clj:91)","ring.middleware.params$wrap_params$fn__42029.invoke(params.clj:69)","cayenne.api.route$wrap_cors$fn__42524.invoke(route.clj:161)","cayenne.api.route$wrap_heartbeat$fn__42569.invoke(route.clj:334)","cayenne.api.conneg$wrap_accept$fn__20855.invoke(conneg.clj:53)","cayenne.api.route$wrap_exception_handler$fn__42539.invoke(route.clj:216)","cayenne.api.route$wrap_ignore_trailing_slash$fn__42542.invoke(route.clj:224)","ring.middleware.gzip$wrap_gzip$fn__41694.invoke(gzip.clj:102)","ring.logger$wrap_log_request_start$fn__41633.invoke(logger.clj:101)","ring.logger$wrap_log_response$fn__41646.invoke(logger.clj:175)","cayenne.api.route$wrap_raise$fn__42574.invoke(route.clj:339)","cayenne.metrics$wrap_trace_events$fn__25799.invoke(metrics.clj:84)","ring.adapter.jetty$async_proxy_handler$fn__41835.invoke(jetty.clj:59)","ring.adapter.jetty.proxy$org.eclipse.jetty.server.handler.AbstractHandler$ff19274a.handle(Unknown Source)","org.eclipse.jetty.server.handler.HandlerWrapper.handle(HandlerWrapper.java:127)","org.eclipse.jetty.server.Server.handle(Server.java:516)","org.eclipse.jetty.server.HttpChannel.lambda$handle$1(HttpChannel.java:388)","org.eclipse.jetty.server.HttpChannel.dispatch(HttpChannel.java:633)","org.eclipse.jetty.server.HttpChannel.handle(HttpChannel.java:380)","org.eclipse.jetty.server.HttpConnection.onFillable(HttpConnection.java:277)","org.eclipse.jetty.io.AbstractConnection$ReadCallback.succeeded(AbstractConnection.java:311)","org.eclipse.jetty.io.FillInterest.fillable(FillInterest.java:105)","org.eclipse.jetty.io.ChannelEndPoint$1.run(ChannelEndPoint.java:104)","org.eclipse.jetty.util.thread.QueuedThreadPool.runJob(QueuedThreadPool.java:882)","org.eclipse.jetty.util.thread.QueuedThreadPool$Runner.run(QueuedThreadPool.java:1036)","java.base\/java.lang.Thread.run(Unknown Source)"],"cause":null}}
    [NOT FOUND] Keeping original data (no abstract)

[66/83]  Enriching: Marmoset vocalizations are built from discrete vocal motor elements....
    Trying Europe PMC (title search)...
    [SKIP] Title similarity too low (0.06)
    Trying Europe PMC (DOI: 10.1016/j.cub.2026.08.004...)
[INFO] No results found for DOI: 10.1016/j.cub.2026.08.004
    Trying preprint servers...
    [NOT FOUND] Keeping original data (no abstract)

[67/83]  Enriching: Muscular hydrostats....
    Trying Europe PMC (title search)...
    [SKIP] Title similarity too low (0.20)
    Trying Europe PMC (DOI: 10.1016/j.cub.2026.08.067...)
[INFO] No results found for DOI: 10.1016/j.cub.2026.08.067
    Trying preprint servers...
    [NOT FOUND] Keeping original data (no abstract)

[68/83]  Enriching: Stingless bees....
    Trying Europe PMC (title search)...
    [SKIP] Title similarity too low (0.20)
    Trying Europe PMC (DOI: 10.1016/j.cub.2026.06.084...)
[INFO] No results found for DOI: 10.1016/j.cub.2026.06.084
    Trying preprint servers...
API Error 500: {"status":"error","message-type":"exception","message-version":"1.0.0","message":{"name":"class java.util.concurrent.CancellationException","description":"java.util.concurrent.CancellationException: Request execution cancelled","message":"Request execution cancelled","stack":["org.apache.http.impl.nio.client.CloseableHttpAsyncClientBase.execute(CloseableHttpAsyncClientBase.java:114)","org.apache.http.impl.nio.client.InternalHttpAsyncClient.execute(InternalHttpAsyncClient.java:138)","org.elasticsearch.client.RestClient.lambda$performRequestAsync$0(RestClient.java:393)","org.elasticsearch.client.Cancellable$RequestCancellable.runIfNotCancelled(Cancellable.java:90)","org.elasticsearch.client.RestClient.performRequestAsync(RestClient.java:391)","org.elasticsearch.client.RestClient.performRequestAsync(RestClient.java:378)","qbits.spandex$request_async.invokeStatic(spandex.clj:321)","qbits.spandex$request_async.invoke(spandex.clj:306)","qbits.spandex$request_chan$fn__15375.invoke(spandex.clj:338)","qbits.spandex$request_chan.invokeStatic(spandex.clj:337)","qbits.spandex$request_chan.invoke(spandex.clj:330)","cayenne.data.work$fetch_data_async.invokeStatic(work.clj:90)","cayenne.data.work$fetch_data_async.doInvoke(work.clj:84)","clojure.lang.RestFn.invoke(RestFn.java:467)","cayenne.data.work$fetch_async.invokeStatic(work.clj:247)","cayenne.data.work$fetch_async.doInvoke(work.clj:243)","clojure.lang.RestFn.invoke(RestFn.java:428)","cayenne.api.v1.routes$works_resource$fn__37129.invoke(routes.clj:135)","liberator.core$run_handler.invokeStatic(core.clj:176)","liberator.core$run_handler.invoke(core.clj:131)","liberator.core$handle_ok.invokeStatic(core.clj:224)","liberator.core$handle_ok.invoke(core.clj:224)","liberator.core$decide.invokeStatic(core.clj:87)","liberator.core$decide.invoke(core.clj:74)","liberator.core$multiple_representations_QMARK_.invokeStatic(core.clj:232)","liberator.core$multiple_representations_QMARK_.invoke(core.clj:232)","liberator.core$decide.invokeStatic(core.clj:87)","liberator.core$decide.invoke(core.clj:74)","liberator.core$put_to_existing_QMARK_.invokeStatic(core.clj:305)","liberator.core$put_to_existing_QMARK_.invoke(core.clj:305)","liberator.core$decide.invokeStatic(core.clj:87)","liberator.core$decide.invoke(core.clj:74)","liberator.core$post_to_existing_QMARK_.invokeStatic(core.clj:308)","liberator.core$post_to_existing_QMARK_.invoke(core.clj:308)","liberator.core$decide.invokeStatic(core.clj:87)","liberator.core$decide.invoke(core.clj:74)","liberator.core$method_patch_QMARK_.invokeStatic(core.clj:315)","liberator.core$method_patch_QMARK_.invoke(core.clj:315)","liberator.core$decide.invokeStatic(core.clj:87)","liberator.core$decide.invoke(core.clj:74)","liberator.core$method_delete_QMARK_.invokeStatic(core.clj:317)","liberator.core$method_delete_QMARK_.invoke(core.clj:317)","liberator.core$decide.invokeStatic(core.clj:87)","liberator.core$decide.invoke(core.clj:74)","liberator.core$if_modified_since_exists_QMARK_.invokeStatic(core.clj:337)","liberator.core$if_modified_since_exists_QMARK_.invoke(core.clj:337)","liberator.core$decide.invokeStatic(core.clj:87)","liberator.core$decide.invoke(core.clj:74)","liberator.core$if_none_match_exists_QMARK_.invokeStatic(core.clj:355)","liberator.core$if_none_match_exists_QMARK_.invoke(core.clj:355)","liberator.core$decide.invokeStatic(core.clj:87)","liberator.core$decide.invoke(core.clj:74)","liberator.core$if_unmodified_since_exists_QMARK_.invokeStatic(core.clj:375)","liberator.core$if_unmodified_since_exists_QMARK_.invoke(core.clj:375)","liberator.core$decide.invokeStatic(core.clj:87)","liberator.core$decide.invoke(core.clj:74)","liberator.core$if_match_exists_QMARK_.invokeStatic(core.clj:389)","liberator.core$if_match_exists_QMARK_.invoke(core.clj:389)","liberator.core$decide.invokeStatic(core.clj:87)","liberator.core$decide.invoke(core.clj:74)","liberator.core$exists_QMARK_.invokeStatic(core.clj:392)","liberator.core$exists_QMARK_.invoke(core.clj:392)","liberator.core$decide.invokeStatic(core.clj:87)","liberator.core$decide.invoke(core.clj:74)","liberator.core$processable_QMARK_.invokeStatic(core.clj:395)","liberator.core$processable_QMARK_.invoke(core.clj:395)","liberator.core$decide.invokeStatic(core.clj:87)","liberator.core$decide.invoke(core.clj:74)","liberator.core$encoding_available_QMARK_.invokeStatic(core.clj:399)","liberator.core$encoding_available_QMARK_.invoke(core.clj:399)","liberator.core$decide.invokeStatic(core.clj:87)","liberator.core$decide.invoke(core.clj:74)","liberator.core$accept_encoding_exists_QMARK_.invokeStatic(core.clj:416)","liberator.core$accept_encoding_exists_QMARK_.invoke(core.clj:416)","liberator.core$decide.invokeStatic(core.clj:87)","liberator.core$decide.invoke(core.clj:74)","liberator.core$accept_charset_exists_QMARK_.invokeStatic(core.clj:429)","liberator.core$accept_charset_exists_QMARK_.invoke(core.clj:429)","liberator.core$decide.invokeStatic(core.clj:87)","liberator.core$decide.invoke(core.clj:74)","liberator.core$accept_language_exists_QMARK_.invokeStatic(core.clj:443)","liberator.core$accept_language_exists_QMARK_.invoke(core.clj:443)","liberator.core$decide.invokeStatic(core.clj:87)","liberator.core$decide.invoke(core.clj:74)","liberator.core$media_type_available_QMARK_.invokeStatic(core.clj:453)","liberator.core$media_type_available_QMARK_.invoke(core.clj:453)","liberator.core$decide.invokeStatic(core.clj:87)","liberator.core$decide.invoke(core.clj:74)","liberator.core$accept_exists_QMARK_.invokeStatic(core.clj:456)","liberator.core$accept_exists_QMARK_.invoke(core.clj:456)","liberator.core$decide.invokeStatic(core.clj:87)","liberator.core$decide.invoke(core.clj:74)","liberator.core$is_options_QMARK_.invokeStatic(core.clj:473)","liberator.core$is_options_QMARK_.invoke(core.clj:473)","liberator.core$decide.invokeStatic(core.clj:87)","liberator.core$decide.invoke(core.clj:74)","liberator.core$valid_entity_length_QMARK_.invokeStatic(core.clj:476)","liberator.core$valid_entity_length_QMARK_.invoke(core.clj:476)","liberator.core$decide.invokeStatic(core.clj:87)","liberator.core$decide.invoke(core.clj:74)","liberator.core$known_content_type_QMARK_.invokeStatic(core.clj:479)","liberator.core$known_content_type_QMARK_.invoke(core.clj:479)","liberator.core$decide.invokeStatic(core.clj:87)","liberator.core$decide.invoke(core.clj:74)","liberator.core$valid_content_header_QMARK_.invokeStatic(core.clj:481)","liberator.core$valid_content_header_QMARK_.invoke(core.clj:481)","liberator.core$decide.invokeStatic(core.clj:87)","liberator.core$decide.invoke(core.clj:74)","liberator.core$allowed_QMARK_.invokeStatic(core.clj:484)","liberator.core$allowed_QMARK_.invoke(core.clj:484)","liberator.core$decide.invokeStatic(core.clj:87)","liberator.core$decide.invoke(core.clj:74)","liberator.core$authorized_QMARK_.invokeStatic(core.clj:487)","liberator.core$authorized_QMARK_.invoke(core.clj:487)","liberator.core$decide.invokeStatic(core.clj:87)","liberator.core$decide.invoke(core.clj:74)","liberator.core$malformed_QMARK_.invokeStatic(core.clj:490)","liberator.core$malformed_QMARK_.invoke(core.clj:490)","liberator.core$decide.invokeStatic(core.clj:87)","liberator.core$decide.invoke(core.clj:74)","liberator.core$method_allowed_QMARK_.invokeStatic(core.clj:493)","liberator.core$method_allowed_QMARK_.invoke(core.clj:493)","liberator.core$decide.invokeStatic(core.clj:87)","liberator.core$decide.invoke(core.clj:74)","liberator.core$uri_too_long_QMARK_.invokeStatic(core.clj:496)","liberator.core$uri_too_long_QMARK_.invoke(core.clj:496)","liberator.core$decide.invokeStatic(core.clj:87)","liberator.core$decide.invoke(core.clj:74)","liberator.core$known_method_QMARK_.invokeStatic(core.clj:499)","liberator.core$known_method_QMARK_.invoke(core.clj:499)","liberator.core$decide.invokeStatic(core.clj:87)","liberator.core$decide.invoke(core.clj:74)","liberator.core$service_available_QMARK_.invokeStatic(core.clj:502)","liberator.core$service_available_QMARK_.invoke(core.clj:502)","liberator.core$decide.invokeStatic(core.clj:87)","liberator.core$decide.invoke(core.clj:74)","liberator.core$initialize_context.invokeStatic(core.clj:504)","liberator.core$initialize_context.invoke(core.clj:504)","liberator.core$run_resource.invokeStatic(core.clj:595)","liberator.core$run_resource.invoke(core.clj:593)","cayenne.api.v1.routes$works_resource.invokeStatic(routes.clj:122)","cayenne.api.v1.routes$works_resource.invoke(routes.clj:122)","compojure.response$fn__36600.invokeStatic(response.clj:47)","compojure.response$fn__36600.invoke(response.clj:35)","compojure.response$fn__36550$G__36545__36557.invoke(response.clj:7)","compojure.core$wrap_response$fn__37028.invoke(core.clj:158)","compojure.core$pre_init$fn__37079.invoke(core.clj:328)","cayenne.api.auth.apikey$wrap_auth_when_enabled$fn__19032.invoke(apikey.clj:69)","compojure.core$pre_init$fn__37081$fn__37084.invoke(core.clj:335)","compojure.core$wrap_route_middleware$fn__37012.invoke(core.clj:127)","compojure.core$wrap_route_info$fn__37017.invoke(core.clj:137)","compojure.core$wrap_route_matches$fn__37021.invoke(core.clj:146)","compojure.core$routing$fn__37036.invoke(core.clj:185)","clojure.core$some.invokeStatic(core.clj:2722)","clojure.core$some.invoke(core.clj:2713)","compojure.core$routing.invokeStatic(core.clj:185)","compojure.core$routing.doInvoke(core.clj:182)","clojure.lang.RestFn.applyTo(RestFn.java:142)","clojure.core$apply.invokeStatic(core.clj:669)","clojure.core$apply.invoke(core.clj:662)","compojure.core$routes$fn__37040.invoke(core.clj:192)","compojure.core$routing$fn__37036.invoke(core.clj:185)","clojure.core$some.invokeStatic(core.clj:2722)","clojure.core$some.invoke(core.clj:2713)","compojure.core$routing.invokeStatic(core.clj:185)","compojure.core$routing.doInvoke(core.clj:182)","clojure.lang.RestFn.applyTo(RestFn.java:142)","clojure.core$apply.invokeStatic(core.clj:669)","clojure.core$apply.invoke(core.clj:662)","compojure.core$routes$fn__37040.invoke(core.clj:192)","compojure.core$routing$fn__37036.invoke(core.clj:185)","clojure.core$some.invokeStatic(core.clj:2722)","clojure.core$some.invoke(core.clj:2713)","compojure.core$routing.invokeStatic(core.clj:185)","compojure.core$routing.doInvoke(core.clj:182)","clojure.lang.RestFn.applyTo(RestFn.java:142)","clojure.core$apply.invokeStatic(core.clj:669)","clojure.core$apply.invoke(core.clj:662)","compojure.core$routes$fn__37040.invoke(core.clj:192)","compojure.core$wrap_routes$fn__37091.invoke(core.clj:348)","cayenne.api.route$wrap_async$fn__42564.invoke(route.clj:308)","ring.middleware.keyword_params$wrap_keyword_params$fn__42065.invoke(keyword_params.clj:55)","ring.middleware.nested_params$wrap_nested_params$fn__42115.invoke(nested_params.clj:91)","ring.middleware.params$wrap_params$fn__42029.invoke(params.clj:69)","cayenne.api.route$wrap_cors$fn__42524.invoke(route.clj:161)","cayenne.api.route$wrap_heartbeat$fn__42569.invoke(route.clj:334)","cayenne.api.conneg$wrap_accept$fn__20855.invoke(conneg.clj:53)","cayenne.api.route$wrap_exception_handler$fn__42539.invoke(route.clj:216)","cayenne.api.route$wrap_ignore_trailing_slash$fn__42542.invoke(route.clj:224)","ring.middleware.gzip$wrap_gzip$fn__41694.invoke(gzip.clj:102)","ring.logger$wrap_log_request_start$fn__41633.invoke(logger.clj:101)","ring.logger$wrap_log_response$fn__41646.invoke(logger.clj:175)","cayenne.api.route$wrap_raise$fn__42574.invoke(route.clj:339)","cayenne.metrics$wrap_trace_events$fn__25799.invoke(metrics.clj:84)","ring.adapter.jetty$async_proxy_handler$fn__41835.invoke(jetty.clj:59)","ring.adapter.jetty.proxy$org.eclipse.jetty.server.handler.AbstractHandler$ff19274a.handle(Unknown Source)","org.eclipse.jetty.server.handler.HandlerWrapper.handle(HandlerWrapper.java:127)","org.eclipse.jetty.server.Server.handle(Server.java:516)","org.eclipse.jetty.server.HttpChannel.lambda$handle$1(HttpChannel.java:388)","org.eclipse.jetty.server.HttpChannel.dispatch(HttpChannel.java:633)","org.eclipse.jetty.server.HttpChannel.handle(HttpChannel.java:380)","org.eclipse.jetty.server.HttpConnection.onFillable(HttpConnection.java:277)","org.eclipse.jetty.io.AbstractConnection$ReadCallback.succeeded(AbstractConnection.java:311)","org.eclipse.jetty.io.FillInterest.fillable(FillInterest.java:105)","org.eclipse.jetty.io.ChannelEndPoint$1.run(ChannelEndPoint.java:104)","org.eclipse.jetty.util.thread.QueuedThreadPool.runJob(QueuedThreadPool.java:882)","org.eclipse.jetty.util.thread.QueuedThreadPool$Runner.run(QueuedThreadPool.java:1036)","java.base\/java.lang.Thread.run(Unknown Source)"],"cause":null}}
    [NOT FOUND] Keeping original data (no abstract)

[69/83]  Enriching: Mónica Medina....
    Trying Europe PMC (title search)...
    [SKIP] Title similarity too low (0.00)
    Trying Europe PMC (DOI: 10.1016/j.cub.2026.07.069...)
[INFO] No results found for DOI: 10.1016/j.cub.2026.07.069
    Trying preprint servers...
    [NOT FOUND] Keeping original data (no abstract)

[70/83]  Enriching: The macaque IT cortex but not current artificial vision networks encod...
    Trying Europe PMC (title search)...
    [OK] Found in Europe PMC by title (similarity: 1.00)

[71/83]  Enriching: Mitochondria-ER-lipid droplet crosstalk regulates metabolic adaptation...
    Trying Europe PMC (title search)...
    [OK] Found in Europe PMC by title (similarity: 1.00)

[72/83]  Enriching: Role of host nitrogen use efficiency in determining arbuscular mycorrh...
    Trying Europe PMC (title search)...
    [OK] Found in Europe PMC by title (similarity: 1.00)

[73/83]  Enriching: Visual field asymmetries vary between children and adults....
    Trying Europe PMC (title search)...
    [OK] Found in Europe PMC by title (similarity: 1.00)

[74/83]  Enriching: Mitochondrial proteome of the apicomplexan Babesia divergens....
    Trying Europe PMC (title search)...
    [OK] Found in Europe PMC by title (similarity: 1.00)

[75/83]  Enriching: A high-confidence inventory of the proteins in the mitochondrion-relat...
    Trying Europe PMC (title search)...
    [OK] Found in Europe PMC by title (similarity: 1.00)

[76/83]  Enriching: Real-time fMRI feedback guides self-generated cognition toward upregul...
    Trying Europe PMC (title search)...
    [OK] Found in Europe PMC by title (similarity: 1.00)

[77/83]  Enriching: Circadian control of dopaminergic signaling to the mushroom body regul...
    Trying Europe PMC (title search)...
    [OK] Found in Europe PMC by title (similarity: 1.00)

[78/83]  Enriching: Central infusion of prostaglandin E2 reveals a unified representation ...
    Trying Europe PMC (title search)...
    [OK] Found in Europe PMC by title (similarity: 1.00)

[79/83]  Enriching: Mitotic shape changes drive spatiotemporally segregated cell-contact r...
    Trying Europe PMC (title search)...
    [OK] Found in Europe PMC by title (similarity: 1.00)

[80/83]  Enriching: Constitutively active presynaptic release factor Unc13A prevents homeo...
    Trying Europe PMC (title search)...
    [OK] Found in Europe PMC by title (similarity: 1.00)

[81/83]  Enriching: Dissociable cortical-hippocampal dopamine dynamics support memory-guid...
    Trying Europe PMC (title search)...
    [OK] Found in Europe PMC by title (similarity: 1.00)

[82/83]  Enriching: Genomic evidence for long-term ecological interdependence of a plant-h...
    Trying Europe PMC (title search)...
    [OK] Found in Europe PMC by title (similarity: 1.00)

[83/83]  Enriching: Interpersonal neural synchrony: one label, many phenomena....
    Trying Europe PMC (title search)...
    [SKIP] Title similarity too low (0.07)
    Trying Europe PMC (DOI: 10.1016/j.tins.2026.09.006...)
[INFO] No results found for DOI: 10.1016/j.tins.2026.09.006
    Trying preprint servers...
API Error 500: {"status":"error","message-type":"exception","message-version":"1.0.0","message":{"name":"class java.util.concurrent.CancellationException","description":"java.util.concurrent.CancellationException: Request execution cancelled","message":"Request execution cancelled","stack":["org.apache.http.impl.nio.client.CloseableHttpAsyncClientBase.execute(CloseableHttpAsyncClientBase.java:114)","org.apache.http.impl.nio.client.InternalHttpAsyncClient.execute(InternalHttpAsyncClient.java:138)","org.elasticsearch.client.RestClient.lambda$performRequestAsync$0(RestClient.java:393)","org.elasticsearch.client.Cancellable$RequestCancellable.runIfNotCancelled(Cancellable.java:90)","org.elasticsearch.client.RestClient.performRequestAsync(RestClient.java:391)","org.elasticsearch.client.RestClient.performRequestAsync(RestClient.java:378)","qbits.spandex$request_async.invokeStatic(spandex.clj:321)","qbits.spandex$request_async.invoke(spandex.clj:306)","qbits.spandex$request_chan$fn__15375.invoke(spandex.clj:338)","qbits.spandex$request_chan.invokeStatic(spandex.clj:337)","qbits.spandex$request_chan.invoke(spandex.clj:330)","cayenne.data.work$fetch_data_async.invokeStatic(work.clj:90)","cayenne.data.work$fetch_data_async.doInvoke(work.clj:84)","clojure.lang.RestFn.invoke(RestFn.java:467)","cayenne.data.work$fetch_async.invokeStatic(work.clj:247)","cayenne.data.work$fetch_async.doInvoke(work.clj:243)","clojure.lang.RestFn.invoke(RestFn.java:428)","cayenne.api.v1.routes$works_resource$fn__37129.invoke(routes.clj:135)","liberator.core$run_handler.invokeStatic(core.clj:176)","liberator.core$run_handler.invoke(core.clj:131)","liberator.core$handle_ok.invokeStatic(core.clj:224)","liberator.core$handle_ok.invoke(core.clj:224)","liberator.core$decide.invokeStatic(core.clj:87)","liberator.core$decide.invoke(core.clj:74)","liberator.core$multiple_representations_QMARK_.invokeStatic(core.clj:232)","liberator.core$multiple_representations_QMARK_.invoke(core.clj:232)","liberator.core$decide.invokeStatic(core.clj:87)","liberator.core$decide.invoke(core.clj:74)","liberator.core$put_to_existing_QMARK_.invokeStatic(core.clj:305)","liberator.core$put_to_existing_QMARK_.invoke(core.clj:305)","liberator.core$decide.invokeStatic(core.clj:87)","liberator.core$decide.invoke(core.clj:74)","liberator.core$post_to_existing_QMARK_.invokeStatic(core.clj:308)","liberator.core$post_to_existing_QMARK_.invoke(core.clj:308)","liberator.core$decide.invokeStatic(core.clj:87)","liberator.core$decide.invoke(core.clj:74)","liberator.core$method_patch_QMARK_.invokeStatic(core.clj:315)","liberator.core$method_patch_QMARK_.invoke(core.clj:315)","liberator.core$decide.invokeStatic(core.clj:87)","liberator.core$decide.invoke(core.clj:74)","liberator.core$method_delete_QMARK_.invokeStatic(core.clj:317)","liberator.core$method_delete_QMARK_.invoke(core.clj:317)","liberator.core$decide.invokeStatic(core.clj:87)","liberator.core$decide.invoke(core.clj:74)","liberator.core$if_modified_since_exists_QMARK_.invokeStatic(core.clj:337)","liberator.core$if_modified_since_exists_QMARK_.invoke(core.clj:337)","liberator.core$decide.invokeStatic(core.clj:87)","liberator.core$decide.invoke(core.clj:74)","liberator.core$if_none_match_exists_QMARK_.invokeStatic(core.clj:355)","liberator.core$if_none_match_exists_QMARK_.invoke(core.clj:355)","liberator.core$decide.invokeStatic(core.clj:87)","liberator.core$decide.invoke(core.clj:74)","liberator.core$if_unmodified_since_exists_QMARK_.invokeStatic(core.clj:375)","liberator.core$if_unmodified_since_exists_QMARK_.invoke(core.clj:375)","liberator.core$decide.invokeStatic(core.clj:87)","liberator.core$decide.invoke(core.clj:74)","liberator.core$if_match_exists_QMARK_.invokeStatic(core.clj:389)","liberator.core$if_match_exists_QMARK_.invoke(core.clj:389)","liberator.core$decide.invokeStatic(core.clj:87)","liberator.core$decide.invoke(core.clj:74)","liberator.core$exists_QMARK_.invokeStatic(core.clj:392)","liberator.core$exists_QMARK_.invoke(core.clj:392)","liberator.core$decide.invokeStatic(core.clj:87)","liberator.core$decide.invoke(core.clj:74)","liberator.core$processable_QMARK_.invokeStatic(core.clj:395)","liberator.core$processable_QMARK_.invoke(core.clj:395)","liberator.core$decide.invokeStatic(core.clj:87)","liberator.core$decide.invoke(core.clj:74)","liberator.core$encoding_available_QMARK_.invokeStatic(core.clj:399)","liberator.core$encoding_available_QMARK_.invoke(core.clj:399)","liberator.core$decide.invokeStatic(core.clj:87)","liberator.core$decide.invoke(core.clj:74)","liberator.core$accept_encoding_exists_QMARK_.invokeStatic(core.clj:416)","liberator.core$accept_encoding_exists_QMARK_.invoke(core.clj:416)","liberator.core$decide.invokeStatic(core.clj:87)","liberator.core$decide.invoke(core.clj:74)","liberator.core$accept_charset_exists_QMARK_.invokeStatic(core.clj:429)","liberator.core$accept_charset_exists_QMARK_.invoke(core.clj:429)","liberator.core$decide.invokeStatic(core.clj:87)","liberator.core$decide.invoke(core.clj:74)","liberator.core$accept_language_exists_QMARK_.invokeStatic(core.clj:443)","liberator.core$accept_language_exists_QMARK_.invoke(core.clj:443)","liberator.core$decide.invokeStatic(core.clj:87)","liberator.core$decide.invoke(core.clj:74)","liberator.core$media_type_available_QMARK_.invokeStatic(core.clj:453)","liberator.core$media_type_available_QMARK_.invoke(core.clj:453)","liberator.core$decide.invokeStatic(core.clj:87)","liberator.core$decide.invoke(core.clj:74)","liberator.core$accept_exists_QMARK_.invokeStatic(core.clj:456)","liberator.core$accept_exists_QMARK_.invoke(core.clj:456)","liberator.core$decide.invokeStatic(core.clj:87)","liberator.core$decide.invoke(core.clj:74)","liberator.core$is_options_QMARK_.invokeStatic(core.clj:473)","liberator.core$is_options_QMARK_.invoke(core.clj:473)","liberator.core$decide.invokeStatic(core.clj:87)","liberator.core$decide.invoke(core.clj:74)","liberator.core$valid_entity_length_QMARK_.invokeStatic(core.clj:476)","liberator.core$valid_entity_length_QMARK_.invoke(core.clj:476)","liberator.core$decide.invokeStatic(core.clj:87)","liberator.core$decide.invoke(core.clj:74)","liberator.core$known_content_type_QMARK_.invokeStatic(core.clj:479)","liberator.core$known_content_type_QMARK_.invoke(core.clj:479)","liberator.core$decide.invokeStatic(core.clj:87)","liberator.core$decide.invoke(core.clj:74)","liberator.core$valid_content_header_QMARK_.invokeStatic(core.clj:481)","liberator.core$valid_content_header_QMARK_.invoke(core.clj:481)","liberator.core$decide.invokeStatic(core.clj:87)","liberator.core$decide.invoke(core.clj:74)","liberator.core$allowed_QMARK_.invokeStatic(core.clj:484)","liberator.core$allowed_QMARK_.invoke(core.clj:484)","liberator.core$decide.invokeStatic(core.clj:87)","liberator.core$decide.invoke(core.clj:74)","liberator.core$authorized_QMARK_.invokeStatic(core.clj:487)","liberator.core$authorized_QMARK_.invoke(core.clj:487)","liberator.core$decide.invokeStatic(core.clj:87)","liberator.core$decide.invoke(core.clj:74)","liberator.core$malformed_QMARK_.invokeStatic(core.clj:490)","liberator.core$malformed_QMARK_.invoke(core.clj:490)","liberator.core$decide.invokeStatic(core.clj:87)","liberator.core$decide.invoke(core.clj:74)","liberator.core$method_allowed_QMARK_.invokeStatic(core.clj:493)","liberator.core$method_allowed_QMARK_.invoke(core.clj:493)","liberator.core$decide.invokeStatic(core.clj:87)","liberator.core$decide.invoke(core.clj:74)","liberator.core$uri_too_long_QMARK_.invokeStatic(core.clj:496)","liberator.core$uri_too_long_QMARK_.invoke(core.clj:496)","liberator.core$decide.invokeStatic(core.clj:87)","liberator.core$decide.invoke(core.clj:74)","liberator.core$known_method_QMARK_.invokeStatic(core.clj:499)","liberator.core$known_method_QMARK_.invoke(core.clj:499)","liberator.core$decide.invokeStatic(core.clj:87)","liberator.core$decide.invoke(core.clj:74)","liberator.core$service_available_QMARK_.invokeStatic(core.clj:502)","liberator.core$service_available_QMARK_.invoke(core.clj:502)","liberator.core$decide.invokeStatic(core.clj:87)","liberator.core$decide.invoke(core.clj:74)","liberator.core$initialize_context.invokeStatic(core.clj:504)","liberator.core$initialize_context.invoke(core.clj:504)","liberator.core$run_resource.invokeStatic(core.clj:595)","liberator.core$run_resource.invoke(core.clj:593)","cayenne.api.v1.routes$works_resource.invokeStatic(routes.clj:122)","cayenne.api.v1.routes$works_resource.invoke(routes.clj:122)","compojure.response$fn__36600.invokeStatic(response.clj:47)","compojure.response$fn__36600.invoke(response.clj:35)","compojure.response$fn__36550$G__36545__36557.invoke(response.clj:7)","compojure.core$wrap_response$fn__37028.invoke(core.clj:158)","compojure.core$pre_init$fn__37079.invoke(core.clj:328)","cayenne.api.auth.apikey$wrap_auth_when_enabled$fn__19032.invoke(apikey.clj:69)","compojure.core$pre_init$fn__37081$fn__37084.invoke(core.clj:335)","compojure.core$wrap_route_middleware$fn__37012.invoke(core.clj:127)","compojure.core$wrap_route_info$fn__37017.invoke(core.clj:137)","compojure.core$wrap_route_matches$fn__37021.invoke(core.clj:146)","compojure.core$routing$fn__37036.invoke(core.clj:185)","clojure.core$some.invokeStatic(core.clj:2722)","clojure.core$some.invoke(core.clj:2713)","compojure.core$routing.invokeStatic(core.clj:185)","compojure.core$routing.doInvoke(core.clj:182)","clojure.lang.RestFn.applyTo(RestFn.java:142)","clojure.core$apply.invokeStatic(core.clj:669)","clojure.core$apply.invoke(core.clj:662)","compojure.core$routes$fn__37040.invoke(core.clj:192)","compojure.core$routing$fn__37036.invoke(core.clj:185)","clojure.core$some.invokeStatic(core.clj:2722)","clojure.core$some.invoke(core.clj:2713)","compojure.core$routing.invokeStatic(core.clj:185)","compojure.core$routing.doInvoke(core.clj:182)","clojure.lang.RestFn.applyTo(RestFn.java:142)","clojure.core$apply.invokeStatic(core.clj:669)","clojure.core$apply.invoke(core.clj:662)","compojure.core$routes$fn__37040.invoke(core.clj:192)","compojure.core$routing$fn__37036.invoke(core.clj:185)","clojure.core$some.invokeStatic(core.clj:2722)","clojure.core$some.invoke(core.clj:2713)","compojure.core$routing.invokeStatic(core.clj:185)","compojure.core$routing.doInvoke(core.clj:182)","clojure.lang.RestFn.applyTo(RestFn.java:142)","clojure.core$apply.invokeStatic(core.clj:669)","clojure.core$apply.invoke(core.clj:662)","compojure.core$routes$fn__37040.invoke(core.clj:192)","compojure.core$wrap_routes$fn__37091.invoke(core.clj:348)","cayenne.api.route$wrap_async$fn__42564.invoke(route.clj:308)","ring.middleware.keyword_params$wrap_keyword_params$fn__42065.invoke(keyword_params.clj:55)","ring.middleware.nested_params$wrap_nested_params$fn__42115.invoke(nested_params.clj:91)","ring.middleware.params$wrap_params$fn__42029.invoke(params.clj:69)","cayenne.api.route$wrap_cors$fn__42524.invoke(route.clj:161)","cayenne.api.route$wrap_heartbeat$fn__42569.invoke(route.clj:334)","cayenne.api.conneg$wrap_accept$fn__20855.invoke(conneg.clj:53)","cayenne.api.route$wrap_exception_handler$fn__42539.invoke(route.clj:216)","cayenne.api.route$wrap_ignore_trailing_slash$fn__42542.invoke(route.clj:224)","ring.middleware.gzip$wrap_gzip$fn__41694.invoke(gzip.clj:102)","ring.logger$wrap_log_request_start$fn__41633.invoke(logger.clj:101)","ring.logger$wrap_log_response$fn__41646.invoke(logger.clj:175)","cayenne.api.route$wrap_raise$fn__42574.invoke(route.clj:339)","cayenne.metrics$wrap_trace_events$fn__25799.invoke(metrics.clj:84)","ring.adapter.jetty$async_proxy_handler$fn__41835.invoke(jetty.clj:59)","ring.adapter.jetty.proxy$org.eclipse.jetty.server.handler.AbstractHandler$ff19274a.handle(Unknown Source)","org.eclipse.jetty.server.handler.HandlerWrapper.handle(HandlerWrapper.java:127)","org.eclipse.jetty.server.Server.handle(Server.java:516)","org.eclipse.jetty.server.HttpChannel.lambda$handle$1(HttpChannel.java:388)","org.eclipse.jetty.server.HttpChannel.dispatch(HttpChannel.java:633)","org.eclipse.jetty.server.HttpChannel.handle(HttpChannel.java:380)","org.eclipse.jetty.server.HttpConnection.onFillable(HttpConnection.java:277)","org.eclipse.jetty.io.AbstractConnection$ReadCallback.succeeded(AbstractConnection.java:311)","org.eclipse.jetty.io.FillInterest.fillable(FillInterest.java:105)","org.eclipse.jetty.io.ChannelEndPoint$1.run(ChannelEndPoint.java:104)","org.eclipse.jetty.util.thread.QueuedThreadPool.runJob(QueuedThreadPool.java:882)","org.eclipse.jetty.util.thread.QueuedThreadPool$Runner.run(QueuedThreadPool.java:1036)","java.base\/java.lang.Thread.run(Unknown Source)"],"cause":null}}
    [NOT FOUND] Keeping original data (no abstract)

================================================================================
Enrichment Summary:
  Total papers: 83
  Europe PMC (DOI): 0
  Europe PMC (title): 54
  Preprint servers: 0
  Original only: 29
  Errors: 0

Total Cell Press papers: 83

Enrichment breakdown:
  europepmc_title: 54
  original_only: 29

================================================================================
Fetching from Journal of Neurophysiology...
Using PubMed (primary) + Europe PMC (supplementary)
================================================================================
================================================================================
Fetching from Journal of Neurophysiology (last 11 days)...
Using PubMed (primary) + Europe PMC (supplementary)
================================================================================

[1/2] Querying PubMed...
Query: Journal of Neurophysiology[journal] AND 2026/09/27:2026/10/08[PDAT]
Date range: 2026/09/27 to 2026/10/08
Total articles found: 19
Fetching batch 1/1 (19 articles)...
  -> 19 fetched, 19 kept after filtering

Applying client-side date filtering (last 11 days)...
  -> Removed 17 papers outside date range
  -> 2 papers after date filtering

Fetching abstracts...
  PubMed: 2 articles

[2/2] Querying Europe PMC for supplementary articles...
Querying Europe PMC...
  Europe PMC: 15 articles

Merging and deduplicating...

Total Journal of Neurophysiology papers collected: 17

Total Journal of Neurophysiology papers: 17

================================================================================
Fetching from Journal of Neuroscience...
(Journal Club articles will be filtered)
================================================================================
================================================================================
Fetching from Journal of Neuroscience via PubMed (last 11 days)...
(Filtering out Journal Club articles from Vol 46, Issue 11)
================================================================================
Query: J Neurosci[journal] AND 2026/09/27:2026/10/08[PDAT]
Date range: 2026/09/27 to 2026/10/08
Total articles found: 38
Fetching batch 1/1 (38 articles)...
  -> 38 fetched, 38 kept after filtering

Applying client-side date filtering (last 11 days)...
  -> 38 papers after date filtering

Fetching abstracts...

Total Journal of Neuroscience papers collected: 38

Total Journal of Neuroscience papers: 38

================================================================================
Fetching from Journal of Cognitive Neuroscience...
================================================================================
================================================================================
Fetching from Journal of Cognitive Neuroscience via PubMed (last 11 days)...
================================================================================
Query: J Cogn Neurosci[journal] AND 2026/09/27:2026/10/08[PDAT]
Date range: 2026/09/27 to 2026/10/08
Total articles found: 16
Fetching batch 1/1 (16 articles)...
  -> 16 fetched, 15 kept after filtering

Applying client-side date filtering (last 11 days)...
  -> 15 papers after date filtering

Fetching abstracts...

Total Journal of Cognitive Neuroscience papers collected: 15

Total Journal of Cognitive Neuroscience papers: 15

================================================================================
Fetching from Journal of Vision...
================================================================================
================================================================================
Fetching from Journal of Vision via PubMed (last 11 days)...
================================================================================
Query: J Vis[journal] AND 2026/09/27:2026/10/08[PDAT]
Date range: 2026/09/27 to 2026/10/08
Total articles found: 7
Fetching batch 1/1 (7 articles)...
  -> 7 fetched, 6 kept after filtering

Applying client-side date filtering (last 11 days)...
  -> 6 papers after date filtering

Fetching abstracts...

Total Journal of Vision papers collected: 6

Total Journal of Vision papers: 6

================================================================================
Fetching from PNAS...
================================================================================
================================================================================
Fetching from PNAS via PubMed (last 11 days)...
================================================================================
Query: Proc Natl Acad Sci U S A[journal] AND 2026/09/27:2026/10/08[PDAT]
Date range: 2026/09/27 to 2026/10/08
Total articles found: 264
Fetching batch 1/3 (100 articles)...
  -> 100 fetched, 91 kept after filtering
Fetching batch 2/3 (100 articles)...
  -> 100 fetched, 191 kept after filtering
Fetching batch 3/3 (64 articles)...
  -> 64 fetched, 252 kept after filtering

Applying client-side date filtering (last 11 days)...
  -> Removed 91 papers outside date range
  -> 161 papers after date filtering

Fetching abstracts...

Total PNAS papers collected: 161

Total PNAS papers: 161

================================================================================
Fetching from Nature Communications...
Sources: Biological Sciences, Health Sciences
================================================================================
================================================================================
Fetching from Nature Communications (last 11 days)...
Sources: Biological Sciences, Health Sciences
================================================================================

Fetching: https://www.nature.com/subjects/biological-sciences/ncomms
Found 50 article elements
Extracted 50 articles from this subject

Fetching: https://www.nature.com/subjects/health-sciences/ncomms
Found 50 article elements
Extracted 39 articles from this subject

Total unique papers from Nature Communications: 75

================================================================================
Enriching with Europe PMC...
================================================================================

Enriching 75 papers...
================================================================================

[1/75]  Enriching: Reward function compression facilitates goal-dependent reinforcement l...
    Trying Europe PMC (title search)...
    [SKIP] Title similarity too low (0.11)
    Trying preprint servers...
    [NOT FOUND] Keeping original data (no abstract)

[2/75]  Enriching: Contrasting plant trait strategies underpin ecosystem stability in tem...
    Trying Europe PMC (title search)...
    [SKIP] Title similarity too low (0.11)
    Trying preprint servers...
API Error 500: {"status":"error","message-type":"exception","message-version":"1.0.0","message":{"name":"class java.util.concurrent.CancellationException","description":"java.util.concurrent.CancellationException: Request execution cancelled","message":"Request execution cancelled","stack":["org.apache.http.impl.nio.client.CloseableHttpAsyncClientBase.execute(CloseableHttpAsyncClientBase.java:114)","org.apache.http.impl.nio.client.InternalHttpAsyncClient.execute(InternalHttpAsyncClient.java:138)","org.elasticsearch.client.RestClient.lambda$performRequestAsync$0(RestClient.java:393)","org.elasticsearch.client.Cancellable$RequestCancellable.runIfNotCancelled(Cancellable.java:90)","org.elasticsearch.client.RestClient.performRequestAsync(RestClient.java:391)","org.elasticsearch.client.RestClient.performRequestAsync(RestClient.java:378)","qbits.spandex$request_async.invokeStatic(spandex.clj:321)","qbits.spandex$request_async.invoke(spandex.clj:306)","qbits.spandex$request_chan$fn__15375.invoke(spandex.clj:338)","qbits.spandex$request_chan.invokeStatic(spandex.clj:337)","qbits.spandex$request_chan.invoke(spandex.clj:330)","cayenne.data.work$fetch_data_async.invokeStatic(work.clj:90)","cayenne.data.work$fetch_data_async.doInvoke(work.clj:84)","clojure.lang.RestFn.invoke(RestFn.java:467)","cayenne.data.work$fetch_async.invokeStatic(work.clj:247)","cayenne.data.work$fetch_async.doInvoke(work.clj:243)","clojure.lang.RestFn.invoke(RestFn.java:428)","cayenne.api.v1.routes$works_resource$fn__37129.invoke(routes.clj:135)","liberator.core$run_handler.invokeStatic(core.clj:176)","liberator.core$run_handler.invoke(core.clj:131)","liberator.core$handle_ok.invokeStatic(core.clj:224)","liberator.core$handle_ok.invoke(core.clj:224)","liberator.core$decide.invokeStatic(core.clj:87)","liberator.core$decide.invoke(core.clj:74)","liberator.core$multiple_representations_QMARK_.invokeStatic(core.clj:232)","liberator.core$multiple_representations_QMARK_.invoke(core.clj:232)","liberator.core$decide.invokeStatic(core.clj:87)","liberator.core$decide.invoke(core.clj:74)","liberator.core$put_to_existing_QMARK_.invokeStatic(core.clj:305)","liberator.core$put_to_existing_QMARK_.invoke(core.clj:305)","liberator.core$decide.invokeStatic(core.clj:87)","liberator.core$decide.invoke(core.clj:74)","liberator.core$post_to_existing_QMARK_.invokeStatic(core.clj:308)","liberator.core$post_to_existing_QMARK_.invoke(core.clj:308)","liberator.core$decide.invokeStatic(core.clj:87)","liberator.core$decide.invoke(core.clj:74)","liberator.core$method_patch_QMARK_.invokeStatic(core.clj:315)","liberator.core$method_patch_QMARK_.invoke(core.clj:315)","liberator.core$decide.invokeStatic(core.clj:87)","liberator.core$decide.invoke(core.clj:74)","liberator.core$method_delete_QMARK_.invokeStatic(core.clj:317)","liberator.core$method_delete_QMARK_.invoke(core.clj:317)","liberator.core$decide.invokeStatic(core.clj:87)","liberator.core$decide.invoke(core.clj:74)","liberator.core$if_modified_since_exists_QMARK_.invokeStatic(core.clj:337)","liberator.core$if_modified_since_exists_QMARK_.invoke(core.clj:337)","liberator.core$decide.invokeStatic(core.clj:87)","liberator.core$decide.invoke(core.clj:74)","liberator.core$if_none_match_exists_QMARK_.invokeStatic(core.clj:355)","liberator.core$if_none_match_exists_QMARK_.invoke(core.clj:355)","liberator.core$decide.invokeStatic(core.clj:87)","liberator.core$decide.invoke(core.clj:74)","liberator.core$if_unmodified_since_exists_QMARK_.invokeStatic(core.clj:375)","liberator.core$if_unmodified_since_exists_QMARK_.invoke(core.clj:375)","liberator.core$decide.invokeStatic(core.clj:87)","liberator.core$decide.invoke(core.clj:74)","liberator.core$if_match_exists_QMARK_.invokeStatic(core.clj:389)","liberator.core$if_match_exists_QMARK_.invoke(core.clj:389)","liberator.core$decide.invokeStatic(core.clj:87)","liberator.core$decide.invoke(core.clj:74)","liberator.core$exists_QMARK_.invokeStatic(core.clj:392)","liberator.core$exists_QMARK_.invoke(core.clj:392)","liberator.core$decide.invokeStatic(core.clj:87)","liberator.core$decide.invoke(core.clj:74)","liberator.core$processable_QMARK_.invokeStatic(core.clj:395)","liberator.core$processable_QMARK_.invoke(core.clj:395)","liberator.core$decide.invokeStatic(core.clj:87)","liberator.core$decide.invoke(core.clj:74)","liberator.core$encoding_available_QMARK_.invokeStatic(core.clj:399)","liberator.core$encoding_available_QMARK_.invoke(core.clj:399)","liberator.core$decide.invokeStatic(core.clj:87)","liberator.core$decide.invoke(core.clj:74)","liberator.core$accept_encoding_exists_QMARK_.invokeStatic(core.clj:416)","liberator.core$accept_encoding_exists_QMARK_.invoke(core.clj:416)","liberator.core$decide.invokeStatic(core.clj:87)","liberator.core$decide.invoke(core.clj:74)","liberator.core$accept_charset_exists_QMARK_.invokeStatic(core.clj:429)","liberator.core$accept_charset_exists_QMARK_.invoke(core.clj:429)","liberator.core$decide.invokeStatic(core.clj:87)","liberator.core$decide.invoke(core.clj:74)","liberator.core$accept_language_exists_QMARK_.invokeStatic(core.clj:443)","liberator.core$accept_language_exists_QMARK_.invoke(core.clj:443)","liberator.core$decide.invokeStatic(core.clj:87)","liberator.core$decide.invoke(core.clj:74)","liberator.core$media_type_available_QMARK_.invokeStatic(core.clj:453)","liberator.core$media_type_available_QMARK_.invoke(core.clj:453)","liberator.core$decide.invokeStatic(core.clj:87)","liberator.core$decide.invoke(core.clj:74)","liberator.core$accept_exists_QMARK_.invokeStatic(core.clj:456)","liberator.core$accept_exists_QMARK_.invoke(core.clj:456)","liberator.core$decide.invokeStatic(core.clj:87)","liberator.core$decide.invoke(core.clj:74)","liberator.core$is_options_QMARK_.invokeStatic(core.clj:473)","liberator.core$is_options_QMARK_.invoke(core.clj:473)","liberator.core$decide.invokeStatic(core.clj:87)","liberator.core$decide.invoke(core.clj:74)","liberator.core$valid_entity_length_QMARK_.invokeStatic(core.clj:476)","liberator.core$valid_entity_length_QMARK_.invoke(core.clj:476)","liberator.core$decide.invokeStatic(core.clj:87)","liberator.core$decide.invoke(core.clj:74)","liberator.core$known_content_type_QMARK_.invokeStatic(core.clj:479)","liberator.core$known_content_type_QMARK_.invoke(core.clj:479)","liberator.core$decide.invokeStatic(core.clj:87)","liberator.core$decide.invoke(core.clj:74)","liberator.core$valid_content_header_QMARK_.invokeStatic(core.clj:481)","liberator.core$valid_content_header_QMARK_.invoke(core.clj:481)","liberator.core$decide.invokeStatic(core.clj:87)","liberator.core$decide.invoke(core.clj:74)","liberator.core$allowed_QMARK_.invokeStatic(core.clj:484)","liberator.core$allowed_QMARK_.invoke(core.clj:484)","liberator.core$decide.invokeStatic(core.clj:87)","liberator.core$decide.invoke(core.clj:74)","liberator.core$authorized_QMARK_.invokeStatic(core.clj:487)","liberator.core$authorized_QMARK_.invoke(core.clj:487)","liberator.core$decide.invokeStatic(core.clj:87)","liberator.core$decide.invoke(core.clj:74)","liberator.core$malformed_QMARK_.invokeStatic(core.clj:490)","liberator.core$malformed_QMARK_.invoke(core.clj:490)","liberator.core$decide.invokeStatic(core.clj:87)","liberator.core$decide.invoke(core.clj:74)","liberator.core$method_allowed_QMARK_.invokeStatic(core.clj:493)","liberator.core$method_allowed_QMARK_.invoke(core.clj:493)","liberator.core$decide.invokeStatic(core.clj:87)","liberator.core$decide.invoke(core.clj:74)","liberator.core$uri_too_long_QMARK_.invokeStatic(core.clj:496)","liberator.core$uri_too_long_QMARK_.invoke(core.clj:496)","liberator.core$decide.invokeStatic(core.clj:87)","liberator.core$decide.invoke(core.clj:74)","liberator.core$known_method_QMARK_.invokeStatic(core.clj:499)","liberator.core$known_method_QMARK_.invoke(core.clj:499)","liberator.core$decide.invokeStatic(core.clj:87)","liberator.core$decide.invoke(core.clj:74)","liberator.core$service_available_QMARK_.invokeStatic(core.clj:502)","liberator.core$service_available_QMARK_.invoke(core.clj:502)","liberator.core$decide.invokeStatic(core.clj:87)","liberator.core$decide.invoke(core.clj:74)","liberator.core$initialize_context.invokeStatic(core.clj:504)","liberator.core$initialize_context.invoke(core.clj:504)","liberator.core$run_resource.invokeStatic(core.clj:595)","liberator.core$run_resource.invoke(core.clj:593)","cayenne.api.v1.routes$works_resource.invokeStatic(routes.clj:122)","cayenne.api.v1.routes$works_resource.invoke(routes.clj:122)","compojure.response$fn__36600.invokeStatic(response.clj:47)","compojure.response$fn__36600.invoke(response.clj:35)","compojure.response$fn__36550$G__36545__36557.invoke(response.clj:7)","compojure.core$wrap_response$fn__37028.invoke(core.clj:158)","compojure.core$pre_init$fn__37079.invoke(core.clj:328)","cayenne.api.auth.apikey$wrap_auth_when_enabled$fn__19032.invoke(apikey.clj:69)","compojure.core$pre_init$fn__37081$fn__37084.invoke(core.clj:335)","compojure.core$wrap_route_middleware$fn__37012.invoke(core.clj:127)","compojure.core$wrap_route_info$fn__37017.invoke(core.clj:137)","compojure.core$wrap_route_matches$fn__37021.invoke(core.clj:146)","compojure.core$routing$fn__37036.invoke(core.clj:185)","clojure.core$some.invokeStatic(core.clj:2722)","clojure.core$some.invoke(core.clj:2713)","compojure.core$routing.invokeStatic(core.clj:185)","compojure.core$routing.doInvoke(core.clj:182)","clojure.lang.RestFn.applyTo(RestFn.java:142)","clojure.core$apply.invokeStatic(core.clj:669)","clojure.core$apply.invoke(core.clj:662)","compojure.core$routes$fn__37040.invoke(core.clj:192)","compojure.core$routing$fn__37036.invoke(core.clj:185)","clojure.core$some.invokeStatic(core.clj:2722)","clojure.core$some.invoke(core.clj:2713)","compojure.core$routing.invokeStatic(core.clj:185)","compojure.core$routing.doInvoke(core.clj:182)","clojure.lang.RestFn.applyTo(RestFn.java:142)","clojure.core$apply.invokeStatic(core.clj:669)","clojure.core$apply.invoke(core.clj:662)","compojure.core$routes$fn__37040.invoke(core.clj:192)","compojure.core$routing$fn__37036.invoke(core.clj:185)","clojure.core$some.invokeStatic(core.clj:2722)","clojure.core$some.invoke(core.clj:2713)","compojure.core$routing.invokeStatic(core.clj:185)","compojure.core$routing.doInvoke(core.clj:182)","clojure.lang.RestFn.applyTo(RestFn.java:142)","clojure.core$apply.invokeStatic(core.clj:669)","clojure.core$apply.invoke(core.clj:662)","compojure.core$routes$fn__37040.invoke(core.clj:192)","compojure.core$wrap_routes$fn__37091.invoke(core.clj:348)","cayenne.api.route$wrap_async$fn__42564.invoke(route.clj:308)","ring.middleware.keyword_params$wrap_keyword_params$fn__42065.invoke(keyword_params.clj:55)","ring.middleware.nested_params$wrap_nested_params$fn__42115.invoke(nested_params.clj:91)","ring.middleware.params$wrap_params$fn__42029.invoke(params.clj:69)","cayenne.api.route$wrap_cors$fn__42524.invoke(route.clj:161)","cayenne.api.route$wrap_heartbeat$fn__42569.invoke(route.clj:334)","cayenne.api.conneg$wrap_accept$fn__20855.invoke(conneg.clj:53)","cayenne.api.route$wrap_exception_handler$fn__42539.invoke(route.clj:216)","cayenne.api.route$wrap_ignore_trailing_slash$fn__42542.invoke(route.clj:224)","ring.middleware.gzip$wrap_gzip$fn__41694.invoke(gzip.clj:102)","ring.logger$wrap_log_request_start$fn__41633.invoke(logger.clj:101)","ring.logger$wrap_log_response$fn__41646.invoke(logger.clj:175)","cayenne.api.route$wrap_raise$fn__42574.invoke(route.clj:339)","cayenne.metrics$wrap_trace_events$fn__25799.invoke(metrics.clj:84)","ring.adapter.jetty$async_proxy_handler$fn__41835.invoke(jetty.clj:59)","ring.adapter.jetty.proxy$org.eclipse.jetty.server.handler.AbstractHandler$ff19274a.handle(Unknown Source)","org.eclipse.jetty.server.handler.HandlerWrapper.handle(HandlerWrapper.java:127)","org.eclipse.jetty.server.Server.handle(Server.java:516)","org.eclipse.jetty.server.HttpChannel.lambda$handle$1(HttpChannel.java:388)","org.eclipse.jetty.server.HttpChannel.dispatch(HttpChannel.java:633)","org.eclipse.jetty.server.HttpChannel.handle(HttpChannel.java:380)","org.eclipse.jetty.server.HttpConnection.onFillable(HttpConnection.java:277)","org.eclipse.jetty.io.AbstractConnection$ReadCallback.succeeded(AbstractConnection.java:311)","org.eclipse.jetty.io.FillInterest.fillable(FillInterest.java:105)","org.eclipse.jetty.io.ChannelEndPoint$1.run(ChannelEndPoint.java:104)","org.eclipse.jetty.util.thread.QueuedThreadPool.runJob(QueuedThreadPool.java:882)","org.eclipse.jetty.util.thread.QueuedThreadPool$Runner.run(QueuedThreadPool.java:1036)","java.base\/java.lang.Thread.run(Unknown Source)"],"cause":null}}
    [NOT FOUND] Keeping original data (no abstract)

[3/75]  Enriching: Olaparib plus tremelimumab in women with recurrent ovarian cancer and ...
    Trying Europe PMC (title search)...
    Trying preprint servers...
    [NOT FOUND] Keeping original data (no abstract)

[4/75]  Enriching: Targeting CD28 on T lineage malignancies with chimeric antigen recepto...
    Trying Europe PMC (title search)...
    [SKIP] Title similarity too low (0.18)
    Trying preprint servers...
    [NOT FOUND] Keeping original data (no abstract)

[5/75]  Enriching: Pregnancy establishment in cattle without embryonic interferon tau...
    Trying Europe PMC (title search)...
    [OK] Found in Europe PMC by title (similarity: 1.00)

[6/75]  Enriching: APOE2attenuatesAPOE4-associated amyloid pathology and related toxicity...
    Trying Europe PMC (title search)...
    Trying preprint servers...
    [NOT FOUND] Keeping original data (no abstract)

[7/75]  Enriching: Filovirus reactive antibodies in wildlife hunting communities suggest ...
    Trying Europe PMC (title search)...
    [SKIP] Title similarity too low (0.03)
    Trying preprint servers...
    [NOT FOUND] Keeping original data (no abstract)

[8/75]  Enriching: High-resolution binding data of TFIID and cofactors show promoter-spec...
    Trying Europe PMC (title search)...
    [OK] Found in Europe PMC by title (similarity: 0.86)

[9/75]  Enriching: Lung environment in healthy old age shapes the phenotype and CCR2-medi...
    Trying Europe PMC (title search)...
    [OK] Found in Europe PMC by title (similarity: 1.00)

[10/75]  Enriching: Sub-stoichiometric degradation is dispensable for potent PROTACs as de...
    Trying Europe PMC (title search)...
    [SKIP] Title similarity too low (0.00)
    Trying preprint servers...
    [NOT FOUND] Keeping original data (no abstract)

[11/75]  Enriching: The Wnt co-receptor Arrow-LRP5/6 is required for planar cell polarity ...
    Trying Europe PMC (title search)...
    Trying preprint servers...
    [NOT FOUND] Keeping original data (no abstract)

[12/75]  Enriching: Divergent interfaces and convergent outcome in the structural basis of...
    Trying Europe PMC (title search)...
    Trying preprint servers...
API Error 500: {"status":"error","message-type":"exception","message-version":"1.0.0","message":{"name":"class java.util.concurrent.CancellationException","description":"java.util.concurrent.CancellationException: Request execution cancelled","message":"Request execution cancelled","stack":["org.apache.http.impl.nio.client.CloseableHttpAsyncClientBase.execute(CloseableHttpAsyncClientBase.java:114)","org.apache.http.impl.nio.client.InternalHttpAsyncClient.execute(InternalHttpAsyncClient.java:138)","org.elasticsearch.client.RestClient.lambda$performRequestAsync$0(RestClient.java:393)","org.elasticsearch.client.Cancellable$RequestCancellable.runIfNotCancelled(Cancellable.java:90)","org.elasticsearch.client.RestClient.performRequestAsync(RestClient.java:391)","org.elasticsearch.client.RestClient.performRequestAsync(RestClient.java:378)","qbits.spandex$request_async.invokeStatic(spandex.clj:321)","qbits.spandex$request_async.invoke(spandex.clj:306)","qbits.spandex$request_chan$fn__15375.invoke(spandex.clj:338)","qbits.spandex$request_chan.invokeStatic(spandex.clj:337)","qbits.spandex$request_chan.invoke(spandex.clj:330)","cayenne.data.work$fetch_data_async.invokeStatic(work.clj:90)","cayenne.data.work$fetch_data_async.doInvoke(work.clj:84)","clojure.lang.RestFn.invoke(RestFn.java:467)","cayenne.data.work$fetch_async.invokeStatic(work.clj:247)","cayenne.data.work$fetch_async.doInvoke(work.clj:243)","clojure.lang.RestFn.invoke(RestFn.java:428)","cayenne.api.v1.routes$works_resource$fn__37129.invoke(routes.clj:135)","liberator.core$run_handler.invokeStatic(core.clj:176)","liberator.core$run_handler.invoke(core.clj:131)","liberator.core$handle_ok.invokeStatic(core.clj:224)","liberator.core$handle_ok.invoke(core.clj:224)","liberator.core$decide.invokeStatic(core.clj:87)","liberator.core$decide.invoke(core.clj:74)","liberator.core$multiple_representations_QMARK_.invokeStatic(core.clj:232)","liberator.core$multiple_representations_QMARK_.invoke(core.clj:232)","liberator.core$decide.invokeStatic(core.clj:87)","liberator.core$decide.invoke(core.clj:74)","liberator.core$put_to_existing_QMARK_.invokeStatic(core.clj:305)","liberator.core$put_to_existing_QMARK_.invoke(core.clj:305)","liberator.core$decide.invokeStatic(core.clj:87)","liberator.core$decide.invoke(core.clj:74)","liberator.core$post_to_existing_QMARK_.invokeStatic(core.clj:308)","liberator.core$post_to_existing_QMARK_.invoke(core.clj:308)","liberator.core$decide.invokeStatic(core.clj:87)","liberator.core$decide.invoke(core.clj:74)","liberator.core$method_patch_QMARK_.invokeStatic(core.clj:315)","liberator.core$method_patch_QMARK_.invoke(core.clj:315)","liberator.core$decide.invokeStatic(core.clj:87)","liberator.core$decide.invoke(core.clj:74)","liberator.core$method_delete_QMARK_.invokeStatic(core.clj:317)","liberator.core$method_delete_QMARK_.invoke(core.clj:317)","liberator.core$decide.invokeStatic(core.clj:87)","liberator.core$decide.invoke(core.clj:74)","liberator.core$if_modified_since_exists_QMARK_.invokeStatic(core.clj:337)","liberator.core$if_modified_since_exists_QMARK_.invoke(core.clj:337)","liberator.core$decide.invokeStatic(core.clj:87)","liberator.core$decide.invoke(core.clj:74)","liberator.core$if_none_match_exists_QMARK_.invokeStatic(core.clj:355)","liberator.core$if_none_match_exists_QMARK_.invoke(core.clj:355)","liberator.core$decide.invokeStatic(core.clj:87)","liberator.core$decide.invoke(core.clj:74)","liberator.core$if_unmodified_since_exists_QMARK_.invokeStatic(core.clj:375)","liberator.core$if_unmodified_since_exists_QMARK_.invoke(core.clj:375)","liberator.core$decide.invokeStatic(core.clj:87)","liberator.core$decide.invoke(core.clj:74)","liberator.core$if_match_exists_QMARK_.invokeStatic(core.clj:389)","liberator.core$if_match_exists_QMARK_.invoke(core.clj:389)","liberator.core$decide.invokeStatic(core.clj:87)","liberator.core$decide.invoke(core.clj:74)","liberator.core$exists_QMARK_.invokeStatic(core.clj:392)","liberator.core$exists_QMARK_.invoke(core.clj:392)","liberator.core$decide.invokeStatic(core.clj:87)","liberator.core$decide.invoke(core.clj:74)","liberator.core$processable_QMARK_.invokeStatic(core.clj:395)","liberator.core$processable_QMARK_.invoke(core.clj:395)","liberator.core$decide.invokeStatic(core.clj:87)","liberator.core$decide.invoke(core.clj:74)","liberator.core$encoding_available_QMARK_.invokeStatic(core.clj:399)","liberator.core$encoding_available_QMARK_.invoke(core.clj:399)","liberator.core$decide.invokeStatic(core.clj:87)","liberator.core$decide.invoke(core.clj:74)","liberator.core$accept_encoding_exists_QMARK_.invokeStatic(core.clj:416)","liberator.core$accept_encoding_exists_QMARK_.invoke(core.clj:416)","liberator.core$decide.invokeStatic(core.clj:87)","liberator.core$decide.invoke(core.clj:74)","liberator.core$accept_charset_exists_QMARK_.invokeStatic(core.clj:429)","liberator.core$accept_charset_exists_QMARK_.invoke(core.clj:429)","liberator.core$decide.invokeStatic(core.clj:87)","liberator.core$decide.invoke(core.clj:74)","liberator.core$accept_language_exists_QMARK_.invokeStatic(core.clj:443)","liberator.core$accept_language_exists_QMARK_.invoke(core.clj:443)","liberator.core$decide.invokeStatic(core.clj:87)","liberator.core$decide.invoke(core.clj:74)","liberator.core$media_type_available_QMARK_.invokeStatic(core.clj:453)","liberator.core$media_type_available_QMARK_.invoke(core.clj:453)","liberator.core$decide.invokeStatic(core.clj:87)","liberator.core$decide.invoke(core.clj:74)","liberator.core$accept_exists_QMARK_.invokeStatic(core.clj:456)","liberator.core$accept_exists_QMARK_.invoke(core.clj:456)","liberator.core$decide.invokeStatic(core.clj:87)","liberator.core$decide.invoke(core.clj:74)","liberator.core$is_options_QMARK_.invokeStatic(core.clj:473)","liberator.core$is_options_QMARK_.invoke(core.clj:473)","liberator.core$decide.invokeStatic(core.clj:87)","liberator.core$decide.invoke(core.clj:74)","liberator.core$valid_entity_length_QMARK_.invokeStatic(core.clj:476)","liberator.core$valid_entity_length_QMARK_.invoke(core.clj:476)","liberator.core$decide.invokeStatic(core.clj:87)","liberator.core$decide.invoke(core.clj:74)","liberator.core$known_content_type_QMARK_.invokeStatic(core.clj:479)","liberator.core$known_content_type_QMARK_.invoke(core.clj:479)","liberator.core$decide.invokeStatic(core.clj:87)","liberator.core$decide.invoke(core.clj:74)","liberator.core$valid_content_header_QMARK_.invokeStatic(core.clj:481)","liberator.core$valid_content_header_QMARK_.invoke(core.clj:481)","liberator.core$decide.invokeStatic(core.clj:87)","liberator.core$decide.invoke(core.clj:74)","liberator.core$allowed_QMARK_.invokeStatic(core.clj:484)","liberator.core$allowed_QMARK_.invoke(core.clj:484)","liberator.core$decide.invokeStatic(core.clj:87)","liberator.core$decide.invoke(core.clj:74)","liberator.core$authorized_QMARK_.invokeStatic(core.clj:487)","liberator.core$authorized_QMARK_.invoke(core.clj:487)","liberator.core$decide.invokeStatic(core.clj:87)","liberator.core$decide.invoke(core.clj:74)","liberator.core$malformed_QMARK_.invokeStatic(core.clj:490)","liberator.core$malformed_QMARK_.invoke(core.clj:490)","liberator.core$decide.invokeStatic(core.clj:87)","liberator.core$decide.invoke(core.clj:74)","liberator.core$method_allowed_QMARK_.invokeStatic(core.clj:493)","liberator.core$method_allowed_QMARK_.invoke(core.clj:493)","liberator.core$decide.invokeStatic(core.clj:87)","liberator.core$decide.invoke(core.clj:74)","liberator.core$uri_too_long_QMARK_.invokeStatic(core.clj:496)","liberator.core$uri_too_long_QMARK_.invoke(core.clj:496)","liberator.core$decide.invokeStatic(core.clj:87)","liberator.core$decide.invoke(core.clj:74)","liberator.core$known_method_QMARK_.invokeStatic(core.clj:499)","liberator.core$known_method_QMARK_.invoke(core.clj:499)","liberator.core$decide.invokeStatic(core.clj:87)","liberator.core$decide.invoke(core.clj:74)","liberator.core$service_available_QMARK_.invokeStatic(core.clj:502)","liberator.core$service_available_QMARK_.invoke(core.clj:502)","liberator.core$decide.invokeStatic(core.clj:87)","liberator.core$decide.invoke(core.clj:74)","liberator.core$initialize_context.invokeStatic(core.clj:504)","liberator.core$initialize_context.invoke(core.clj:504)","liberator.core$run_resource.invokeStatic(core.clj:595)","liberator.core$run_resource.invoke(core.clj:593)","cayenne.api.v1.routes$works_resource.invokeStatic(routes.clj:122)","cayenne.api.v1.routes$works_resource.invoke(routes.clj:122)","compojure.response$fn__36600.invokeStatic(response.clj:47)","compojure.response$fn__36600.invoke(response.clj:35)","compojure.response$fn__36550$G__36545__36557.invoke(response.clj:7)","compojure.core$wrap_response$fn__37028.invoke(core.clj:158)","compojure.core$pre_init$fn__37079.invoke(core.clj:328)","cayenne.api.auth.apikey$wrap_auth_when_enabled$fn__19032.invoke(apikey.clj:69)","compojure.core$pre_init$fn__37081$fn__37084.invoke(core.clj:335)","compojure.core$wrap_route_middleware$fn__37012.invoke(core.clj:127)","compojure.core$wrap_route_info$fn__37017.invoke(core.clj:137)","compojure.core$wrap_route_matches$fn__37021.invoke(core.clj:146)","compojure.core$routing$fn__37036.invoke(core.clj:185)","clojure.core$some.invokeStatic(core.clj:2722)","clojure.core$some.invoke(core.clj:2713)","compojure.core$routing.invokeStatic(core.clj:185)","compojure.core$routing.doInvoke(core.clj:182)","clojure.lang.RestFn.applyTo(RestFn.java:142)","clojure.core$apply.invokeStatic(core.clj:669)","clojure.core$apply.invoke(core.clj:662)","compojure.core$routes$fn__37040.invoke(core.clj:192)","compojure.core$routing$fn__37036.invoke(core.clj:185)","clojure.core$some.invokeStatic(core.clj:2722)","clojure.core$some.invoke(core.clj:2713)","compojure.core$routing.invokeStatic(core.clj:185)","compojure.core$routing.doInvoke(core.clj:182)","clojure.lang.RestFn.applyTo(RestFn.java:142)","clojure.core$apply.invokeStatic(core.clj:669)","clojure.core$apply.invoke(core.clj:662)","compojure.core$routes$fn__37040.invoke(core.clj:192)","compojure.core$routing$fn__37036.invoke(core.clj:185)","clojure.core$some.invokeStatic(core.clj:2722)","clojure.core$some.invoke(core.clj:2713)","compojure.core$routing.invokeStatic(core.clj:185)","compojure.core$routing.doInvoke(core.clj:182)","clojure.lang.RestFn.applyTo(RestFn.java:142)","clojure.core$apply.invokeStatic(core.clj:669)","clojure.core$apply.invoke(core.clj:662)","compojure.core$routes$fn__37040.invoke(core.clj:192)","compojure.core$wrap_routes$fn__37091.invoke(core.clj:348)","cayenne.api.route$wrap_async$fn__42564.invoke(route.clj:308)","ring.middleware.keyword_params$wrap_keyword_params$fn__42065.invoke(keyword_params.clj:55)","ring.middleware.nested_params$wrap_nested_params$fn__42115.invoke(nested_params.clj:91)","ring.middleware.params$wrap_params$fn__42029.invoke(params.clj:69)","cayenne.api.route$wrap_cors$fn__42524.invoke(route.clj:161)","cayenne.api.route$wrap_heartbeat$fn__42569.invoke(route.clj:334)","cayenne.api.conneg$wrap_accept$fn__20855.invoke(conneg.clj:53)","cayenne.api.route$wrap_exception_handler$fn__42539.invoke(route.clj:216)","cayenne.api.route$wrap_ignore_trailing_slash$fn__42542.invoke(route.clj:224)","ring.middleware.gzip$wrap_gzip$fn__41694.invoke(gzip.clj:102)","ring.logger$wrap_log_request_start$fn__41633.invoke(logger.clj:101)","ring.logger$wrap_log_response$fn__41646.invoke(logger.clj:175)","cayenne.api.route$wrap_raise$fn__42574.invoke(route.clj:339)","cayenne.metrics$wrap_trace_events$fn__25799.invoke(metrics.clj:84)","ring.adapter.jetty$async_proxy_handler$fn__41835.invoke(jetty.clj:59)","ring.adapter.jetty.proxy$org.eclipse.jetty.server.handler.AbstractHandler$ff19274a.handle(Unknown Source)","org.eclipse.jetty.server.handler.HandlerWrapper.handle(HandlerWrapper.java:127)","org.eclipse.jetty.server.Server.handle(Server.java:516)","org.eclipse.jetty.server.HttpChannel.lambda$handle$1(HttpChannel.java:388)","org.eclipse.jetty.server.HttpChannel.dispatch(HttpChannel.java:633)","org.eclipse.jetty.server.HttpChannel.handle(HttpChannel.java:380)","org.eclipse.jetty.server.HttpConnection.onFillable(HttpConnection.java:277)","org.eclipse.jetty.io.AbstractConnection$ReadCallback.succeeded(AbstractConnection.java:311)","org.eclipse.jetty.io.FillInterest.fillable(FillInterest.java:105)","org.eclipse.jetty.io.ChannelEndPoint$1.run(ChannelEndPoint.java:104)","org.eclipse.jetty.util.thread.QueuedThreadPool.runJob(QueuedThreadPool.java:882)","org.eclipse.jetty.util.thread.QueuedThreadPool$Runner.run(QueuedThreadPool.java:1036)","java.base\/java.lang.Thread.run(Unknown Source)"],"cause":null}}
    [NOT FOUND] Keeping original data (no abstract)

[13/75]  Enriching: A cytidine deaminase biodegrader sensitises multiple cancer types to d...
    Trying Europe PMC (title search)...
    [SKIP] Title similarity too low (0.05)
    Trying preprint servers...
API Error 500: {"status":"error","message-type":"exception","message-version":"1.0.0","message":{"name":"class java.util.concurrent.CancellationException","description":"java.util.concurrent.CancellationException: Request execution cancelled","message":"Request execution cancelled","stack":["org.apache.http.impl.nio.client.CloseableHttpAsyncClientBase.execute(CloseableHttpAsyncClientBase.java:114)","org.apache.http.impl.nio.client.InternalHttpAsyncClient.execute(InternalHttpAsyncClient.java:138)","org.elasticsearch.client.RestClient.lambda$performRequestAsync$0(RestClient.java:393)","org.elasticsearch.client.Cancellable$RequestCancellable.runIfNotCancelled(Cancellable.java:90)","org.elasticsearch.client.RestClient.performRequestAsync(RestClient.java:391)","org.elasticsearch.client.RestClient.performRequestAsync(RestClient.java:378)","qbits.spandex$request_async.invokeStatic(spandex.clj:321)","qbits.spandex$request_async.invoke(spandex.clj:306)","qbits.spandex$request_chan$fn__15375.invoke(spandex.clj:338)","qbits.spandex$request_chan.invokeStatic(spandex.clj:337)","qbits.spandex$request_chan.invoke(spandex.clj:330)","cayenne.data.work$fetch_data_async.invokeStatic(work.clj:90)","cayenne.data.work$fetch_data_async.doInvoke(work.clj:84)","clojure.lang.RestFn.invoke(RestFn.java:467)","cayenne.data.work$fetch_async.invokeStatic(work.clj:247)","cayenne.data.work$fetch_async.doInvoke(work.clj:243)","clojure.lang.RestFn.invoke(RestFn.java:428)","cayenne.api.v1.routes$works_resource$fn__37129.invoke(routes.clj:135)","liberator.core$run_handler.invokeStatic(core.clj:176)","liberator.core$run_handler.invoke(core.clj:131)","liberator.core$handle_ok.invokeStatic(core.clj:224)","liberator.core$handle_ok.invoke(core.clj:224)","liberator.core$decide.invokeStatic(core.clj:87)","liberator.core$decide.invoke(core.clj:74)","liberator.core$multiple_representations_QMARK_.invokeStatic(core.clj:232)","liberator.core$multiple_representations_QMARK_.invoke(core.clj:232)","liberator.core$decide.invokeStatic(core.clj:87)","liberator.core$decide.invoke(core.clj:74)","liberator.core$put_to_existing_QMARK_.invokeStatic(core.clj:305)","liberator.core$put_to_existing_QMARK_.invoke(core.clj:305)","liberator.core$decide.invokeStatic(core.clj:87)","liberator.core$decide.invoke(core.clj:74)","liberator.core$post_to_existing_QMARK_.invokeStatic(core.clj:308)","liberator.core$post_to_existing_QMARK_.invoke(core.clj:308)","liberator.core$decide.invokeStatic(core.clj:87)","liberator.core$decide.invoke(core.clj:74)","liberator.core$method_patch_QMARK_.invokeStatic(core.clj:315)","liberator.core$method_patch_QMARK_.invoke(core.clj:315)","liberator.core$decide.invokeStatic(core.clj:87)","liberator.core$decide.invoke(core.clj:74)","liberator.core$method_delete_QMARK_.invokeStatic(core.clj:317)","liberator.core$method_delete_QMARK_.invoke(core.clj:317)","liberator.core$decide.invokeStatic(core.clj:87)","liberator.core$decide.invoke(core.clj:74)","liberator.core$if_modified_since_exists_QMARK_.invokeStatic(core.clj:337)","liberator.core$if_modified_since_exists_QMARK_.invoke(core.clj:337)","liberator.core$decide.invokeStatic(core.clj:87)","liberator.core$decide.invoke(core.clj:74)","liberator.core$if_none_match_exists_QMARK_.invokeStatic(core.clj:355)","liberator.core$if_none_match_exists_QMARK_.invoke(core.clj:355)","liberator.core$decide.invokeStatic(core.clj:87)","liberator.core$decide.invoke(core.clj:74)","liberator.core$if_unmodified_since_exists_QMARK_.invokeStatic(core.clj:375)","liberator.core$if_unmodified_since_exists_QMARK_.invoke(core.clj:375)","liberator.core$decide.invokeStatic(core.clj:87)","liberator.core$decide.invoke(core.clj:74)","liberator.core$if_match_exists_QMARK_.invokeStatic(core.clj:389)","liberator.core$if_match_exists_QMARK_.invoke(core.clj:389)","liberator.core$decide.invokeStatic(core.clj:87)","liberator.core$decide.invoke(core.clj:74)","liberator.core$exists_QMARK_.invokeStatic(core.clj:392)","liberator.core$exists_QMARK_.invoke(core.clj:392)","liberator.core$decide.invokeStatic(core.clj:87)","liberator.core$decide.invoke(core.clj:74)","liberator.core$processable_QMARK_.invokeStatic(core.clj:395)","liberator.core$processable_QMARK_.invoke(core.clj:395)","liberator.core$decide.invokeStatic(core.clj:87)","liberator.core$decide.invoke(core.clj:74)","liberator.core$encoding_available_QMARK_.invokeStatic(core.clj:399)","liberator.core$encoding_available_QMARK_.invoke(core.clj:399)","liberator.core$decide.invokeStatic(core.clj:87)","liberator.core$decide.invoke(core.clj:74)","liberator.core$accept_encoding_exists_QMARK_.invokeStatic(core.clj:416)","liberator.core$accept_encoding_exists_QMARK_.invoke(core.clj:416)","liberator.core$decide.invokeStatic(core.clj:87)","liberator.core$decide.invoke(core.clj:74)","liberator.core$accept_charset_exists_QMARK_.invokeStatic(core.clj:429)","liberator.core$accept_charset_exists_QMARK_.invoke(core.clj:429)","liberator.core$decide.invokeStatic(core.clj:87)","liberator.core$decide.invoke(core.clj:74)","liberator.core$accept_language_exists_QMARK_.invokeStatic(core.clj:443)","liberator.core$accept_language_exists_QMARK_.invoke(core.clj:443)","liberator.core$decide.invokeStatic(core.clj:87)","liberator.core$decide.invoke(core.clj:74)","liberator.core$media_type_available_QMARK_.invokeStatic(core.clj:453)","liberator.core$media_type_available_QMARK_.invoke(core.clj:453)","liberator.core$decide.invokeStatic(core.clj:87)","liberator.core$decide.invoke(core.clj:74)","liberator.core$accept_exists_QMARK_.invokeStatic(core.clj:456)","liberator.core$accept_exists_QMARK_.invoke(core.clj:456)","liberator.core$decide.invokeStatic(core.clj:87)","liberator.core$decide.invoke(core.clj:74)","liberator.core$is_options_QMARK_.invokeStatic(core.clj:473)","liberator.core$is_options_QMARK_.invoke(core.clj:473)","liberator.core$decide.invokeStatic(core.clj:87)","liberator.core$decide.invoke(core.clj:74)","liberator.core$valid_entity_length_QMARK_.invokeStatic(core.clj:476)","liberator.core$valid_entity_length_QMARK_.invoke(core.clj:476)","liberator.core$decide.invokeStatic(core.clj:87)","liberator.core$decide.invoke(core.clj:74)","liberator.core$known_content_type_QMARK_.invokeStatic(core.clj:479)","liberator.core$known_content_type_QMARK_.invoke(core.clj:479)","liberator.core$decide.invokeStatic(core.clj:87)","liberator.core$decide.invoke(core.clj:74)","liberator.core$valid_content_header_QMARK_.invokeStatic(core.clj:481)","liberator.core$valid_content_header_QMARK_.invoke(core.clj:481)","liberator.core$decide.invokeStatic(core.clj:87)","liberator.core$decide.invoke(core.clj:74)","liberator.core$allowed_QMARK_.invokeStatic(core.clj:484)","liberator.core$allowed_QMARK_.invoke(core.clj:484)","liberator.core$decide.invokeStatic(core.clj:87)","liberator.core$decide.invoke(core.clj:74)","liberator.core$authorized_QMARK_.invokeStatic(core.clj:487)","liberator.core$authorized_QMARK_.invoke(core.clj:487)","liberator.core$decide.invokeStatic(core.clj:87)","liberator.core$decide.invoke(core.clj:74)","liberator.core$malformed_QMARK_.invokeStatic(core.clj:490)","liberator.core$malformed_QMARK_.invoke(core.clj:490)","liberator.core$decide.invokeStatic(core.clj:87)","liberator.core$decide.invoke(core.clj:74)","liberator.core$method_allowed_QMARK_.invokeStatic(core.clj:493)","liberator.core$method_allowed_QMARK_.invoke(core.clj:493)","liberator.core$decide.invokeStatic(core.clj:87)","liberator.core$decide.invoke(core.clj:74)","liberator.core$uri_too_long_QMARK_.invokeStatic(core.clj:496)","liberator.core$uri_too_long_QMARK_.invoke(core.clj:496)","liberator.core$decide.invokeStatic(core.clj:87)","liberator.core$decide.invoke(core.clj:74)","liberator.core$known_method_QMARK_.invokeStatic(core.clj:499)","liberator.core$known_method_QMARK_.invoke(core.clj:499)","liberator.core$decide.invokeStatic(core.clj:87)","liberator.core$decide.invoke(core.clj:74)","liberator.core$service_available_QMARK_.invokeStatic(core.clj:502)","liberator.core$service_available_QMARK_.invoke(core.clj:502)","liberator.core$decide.invokeStatic(core.clj:87)","liberator.core$decide.invoke(core.clj:74)","liberator.core$initialize_context.invokeStatic(core.clj:504)","liberator.core$initialize_context.invoke(core.clj:504)","liberator.core$run_resource.invokeStatic(core.clj:595)","liberator.core$run_resource.invoke(core.clj:593)","cayenne.api.v1.routes$works_resource.invokeStatic(routes.clj:122)","cayenne.api.v1.routes$works_resource.invoke(routes.clj:122)","compojure.response$fn__36600.invokeStatic(response.clj:47)","compojure.response$fn__36600.invoke(response.clj:35)","compojure.response$fn__36550$G__36545__36557.invoke(response.clj:7)","compojure.core$wrap_response$fn__37028.invoke(core.clj:158)","compojure.core$pre_init$fn__37079.invoke(core.clj:328)","cayenne.api.auth.apikey$wrap_auth_when_enabled$fn__19032.invoke(apikey.clj:69)","compojure.core$pre_init$fn__37081$fn__37084.invoke(core.clj:335)","compojure.core$wrap_route_middleware$fn__37012.invoke(core.clj:127)","compojure.core$wrap_route_info$fn__37017.invoke(core.clj:137)","compojure.core$wrap_route_matches$fn__37021.invoke(core.clj:146)","compojure.core$routing$fn__37036.invoke(core.clj:185)","clojure.core$some.invokeStatic(core.clj:2722)","clojure.core$some.invoke(core.clj:2713)","compojure.core$routing.invokeStatic(core.clj:185)","compojure.core$routing.doInvoke(core.clj:182)","clojure.lang.RestFn.applyTo(RestFn.java:142)","clojure.core$apply.invokeStatic(core.clj:669)","clojure.core$apply.invoke(core.clj:662)","compojure.core$routes$fn__37040.invoke(core.clj:192)","compojure.core$routing$fn__37036.invoke(core.clj:185)","clojure.core$some.invokeStatic(core.clj:2722)","clojure.core$some.invoke(core.clj:2713)","compojure.core$routing.invokeStatic(core.clj:185)","compojure.core$routing.doInvoke(core.clj:182)","clojure.lang.RestFn.applyTo(RestFn.java:142)","clojure.core$apply.invokeStatic(core.clj:669)","clojure.core$apply.invoke(core.clj:662)","compojure.core$routes$fn__37040.invoke(core.clj:192)","compojure.core$routing$fn__37036.invoke(core.clj:185)","clojure.core$some.invokeStatic(core.clj:2722)","clojure.core$some.invoke(core.clj:2713)","compojure.core$routing.invokeStatic(core.clj:185)","compojure.core$routing.doInvoke(core.clj:182)","clojure.lang.RestFn.applyTo(RestFn.java:142)","clojure.core$apply.invokeStatic(core.clj:669)","clojure.core$apply.invoke(core.clj:662)","compojure.core$routes$fn__37040.invoke(core.clj:192)","compojure.core$wrap_routes$fn__37091.invoke(core.clj:348)","cayenne.api.route$wrap_async$fn__42564.invoke(route.clj:308)","ring.middleware.keyword_params$wrap_keyword_params$fn__42065.invoke(keyword_params.clj:55)","ring.middleware.nested_params$wrap_nested_params$fn__42115.invoke(nested_params.clj:91)","ring.middleware.params$wrap_params$fn__42029.invoke(params.clj:69)","cayenne.api.route$wrap_cors$fn__42524.invoke(route.clj:161)","cayenne.api.route$wrap_heartbeat$fn__42569.invoke(route.clj:334)","cayenne.api.conneg$wrap_accept$fn__20855.invoke(conneg.clj:53)","cayenne.api.route$wrap_exception_handler$fn__42539.invoke(route.clj:216)","cayenne.api.route$wrap_ignore_trailing_slash$fn__42542.invoke(route.clj:224)","ring.middleware.gzip$wrap_gzip$fn__41694.invoke(gzip.clj:102)","ring.logger$wrap_log_request_start$fn__41633.invoke(logger.clj:101)","ring.logger$wrap_log_response$fn__41646.invoke(logger.clj:175)","cayenne.api.route$wrap_raise$fn__42574.invoke(route.clj:339)","cayenne.metrics$wrap_trace_events$fn__25799.invoke(metrics.clj:84)","ring.adapter.jetty$async_proxy_handler$fn__41835.invoke(jetty.clj:59)","ring.adapter.jetty.proxy$org.eclipse.jetty.server.handler.AbstractHandler$ff19274a.handle(Unknown Source)","org.eclipse.jetty.server.handler.HandlerWrapper.handle(HandlerWrapper.java:127)","org.eclipse.jetty.server.Server.handle(Server.java:516)","org.eclipse.jetty.server.HttpChannel.lambda$handle$1(HttpChannel.java:388)","org.eclipse.jetty.server.HttpChannel.dispatch(HttpChannel.java:633)","org.eclipse.jetty.server.HttpChannel.handle(HttpChannel.java:380)","org.eclipse.jetty.server.HttpConnection.onFillable(HttpConnection.java:277)","org.eclipse.jetty.io.AbstractConnection$ReadCallback.succeeded(AbstractConnection.java:311)","org.eclipse.jetty.io.FillInterest.fillable(FillInterest.java:105)","org.eclipse.jetty.io.ChannelEndPoint$1.run(ChannelEndPoint.java:104)","org.eclipse.jetty.util.thread.QueuedThreadPool.runJob(QueuedThreadPool.java:882)","org.eclipse.jetty.util.thread.QueuedThreadPool$Runner.run(QueuedThreadPool.java:1036)","java.base\/java.lang.Thread.run(Unknown Source)"],"cause":null}}
    [NOT FOUND] Keeping original data (no abstract)

[14/75]  Enriching: Neonatal overfeeding accelerates age-related sarcopenia and metabolic ...
    Trying Europe PMC (title search)...
